# Array shape: (962, 4)
0.000000000000000000e+00,1.816451887633213358e-01,-2.011799206544211127e-02,-1.491378348269862542e-01
2.500000000000000139e-02,3.868717804073888433e-01,-1.329775362175784729e-02,-8.257275842163526447e-02
5.000000000000000278e-02,5.104265457970745823e-01,6.902458770328892546e-02,2.842467018167206261e-01
7.500000000000001110e-02,5.464139555919870217e-01,1.388590281347900079e-01,6.082814034263781533e-01
1.000000000000000056e-01,6.146595705352594363e-01,1.175826267189421376e-01,5.977418271161970553e-01
1.250000000000000000e-01,6.206877510667750952e-01,1.520542302685160829e-01,7.369868541791522176e-01
1.500000000000000222e-01,6.412271349999778547e-01,1.440471899084949658e-01,7.540655471185331304e-01
1.750000000000000167e-01,6.357389240828263954e-01,1.535122848763990078e-01,8.036131972084943342e-01
2.000000000000000111e-01,6.348079605228189592e-01,1.489881240509345894e-01,8.177262282215216338e-01
2.250000000000000056e-01,6.267724433004062679e-01,1.474161546014549351e-01,8.448058383440207875e-01
2.500000000000000000e-01,6.164193318214554740e-01,1.336629031881652052e-01,8.181585872801424575e-01
2.750000000000000222e-01,6.130695315272324253e-01,1.189903845759782142e-01,7.617512003263539055e-01
3.000000000000000444e-01,6.075064375991211518e-01,1.005024584608017191e-01,6.787883870204325376e-01
3.250000000000000111e-01,6.000589581388299232e-01,7.929927910042917916e-02,5.728586542689947381e-01
3.500000000000000333e-01,5.930308391496902365e-01,5.896111941666373063e-02,4.590672840667035515e-01
3.750000000000000000e-01,5.850910154756814308e-01,4.227932652533097913e-02,3.625215564344529962e-01
4.000000000000000222e-01,5.737416812538960187e-01,2.890399349127047157e-02,2.855296754389566871e-01
4.250000000000000444e-01,5.638253442202230126e-01,1.632293000553096743e-02,2.048125315950812542e-01
4.500000000000000111e-01,5.550923569921057954e-01,6.032257181668320214e-03,1.356146210977690614e-01
4.750000000000000333e-01,5.475090140384643034e-01,-2.299260834240778473e-03,7.627614442907705572e-02
5.000000000000000000e-01,5.409324109722523088e-01,-9.372926833648086500e-03,2.336111449602673237e-02
5.250000000000000222e-01,5.382464297781056617e-01,-1.559768349978199464e-02,-2.831411397128680285e-02
5.500000000000000444e-01,5.352981053298501157e-01,-2.008026342488654706e-02,-6.685321016068586364e-02
5.750000000000000666e-01,5.321368125619194700e-01,-2.445113088209577290e-02,-1.039200652894662624e-01
6.000000000000000888e-01,5.317216013555079446e-01,-2.891427685343738938e-02,-1.420978418337227878e-01
6.250000000000000000e-01,5.303904630597671144e-01,-3.228574736936688783e-02,-1.702498681559074245e-01
6.500000000000000222e-01,5.284198795427825779e-01,-3.570016764967622741e-02,-1.965946541438206852e-01
6.750000000000000444e-01,5.290050992064613267e-01,-3.916668173537516534e-02,-2.231487800154754453e-01
7.000000000000000666e-01,5.284669122617934311e-01,-4.171169085366879803e-02,-2.417919763261645039e-01
7.250000000000000888e-01,5.302851415859086703e-01,-4.426538258598510661e-02,-2.612160672759176183e-01
7.500000000000000000e-01,5.306279097266562994e-01,-4.611026510860657956e-02,-2.747288604258535383e-01
7.750000000000000222e-01,5.329306047350290676e-01,-4.796508393163746026e-02,-2.887816469108017148e-01
8.000000000000000444e-01,5.337309004895599562e-01,-4.933136641054047117e-02,-2.988208788477911826e-01
8.250000000000000666e-01,5.332876247585015550e-01,-5.048441502650184709e-02,-3.074779215136148047e-01
8.500000000000000888e-01,5.349114738211190323e-01,-5.170482293888756242e-02,-3.165277993418610381e-01
8.750000000000000000e-01,5.354667948694512569e-01,-5.262577488030976969e-02,-3.234246504702461000e-01
9.000000000000000222e-01,5.378672611562742567e-01,-5.355443917046488062e-02,-3.304737016374089675e-01
9.250000000000000444e-01,5.390123110442276433e-01,-5.413968232205120662e-02,-3.353011336549936994e-01
9.500000000000000666e-01,5.418544523978571226e-01,-5.469447747618597089e-02,-3.400242778045297620e-01
9.750000000000000888e-01,5.433483882345616633e-01,-5.488545484915738348e-02,-3.424916501552630610e-01
1.000000000000000000e+00,5.464673758653795232e-01,-5.502534489662722073e-02,-3.446675013286858991e-01
1.025000000000000133e+00,5.481951822243800176e-01,-5.481057062990851020e-02,-3.446246696274088417e-01
1.050000000000000044e+00,5.514833859689745044e-01,-5.458424891184901484e-02,-3.443446525199915786e-01
1.074999999999999956e+00,5.533577698843807902e-01,-5.400769735007093786e-02,-3.418655206502022037e-01
1.100000000000000089e+00,5.568966206751487791e-01,-5.332055084508315751e-02,-3.387373858285760431e-01
1.125000000000000000e+00,5.590300996400200395e-01,-5.218803204729800804e-02,-3.330627143388472100e-01
1.150000000000000133e+00,5.625809478178194212e-01,-5.083940499765584459e-02,-3.259363926542128698e-01
1.175000000000000044e+00,5.645485966158584334e-01,-4.903534151453048384e-02,-3.159738623230734511e-01
1.200000000000000178e+00,5.680195214524433878e-01,-4.711314916421134591e-02,-3.047967764811914670e-01
1.225000000000000089e+00,5.700648518498041550e-01,-4.487545695142992203e-02,-2.917515013589728201e-01
1.250000000000000000e+00,5.706324454300528703e-01,-4.239702455119962604e-02,-2.773205941041206879e-01
1.275000000000000133e+00,5.730931844242788120e-01,-4.001818543629013375e-02,-2.629390238159299287e-01
1.300000000000000044e+00,5.743226928434026490e-01,-3.752522085863640999e-02,-2.481662464680886582e-01
1.325000000000000178e+00,5.772618229598877049e-01,-3.509181768867209589e-02,-2.330886886914110279e-01
1.350000000000000089e+00,5.788082310558504417e-01,-3.253350158420030558e-02,-2.178070986154510558e-01
1.375000000000000000e+00,5.789911328823857950e-01,-2.979070191173890242e-02,-2.013751247499072083e-01
1.400000000000000133e+00,5.811905296411949973e-01,-2.711310456697061874e-02,-1.844025601331771291e-01
1.425000000000000044e+00,5.822475863840353982e-01,-2.438289894791332083e-02,-1.678708422582719795e-01
1.450000000000000178e+00,5.821093111236218531e-01,-2.149582966107205922e-02,-1.503072297042283012e-01
1.475000000000000089e+00,5.841019126440002429e-01,-1.866803972600228345e-02,-1.320206411056958073e-01
1.500000000000000000e+00,5.850116386335485474e-01,-1.585566319721991996e-02,-1.148159671811801869e-01
1.525000000000000133e+00,5.847848875948181702e-01,-1.289722741971997474e-02,-9.663704230465572365e-02
1.550000000000000044e+00,5.867423074532036598e-01,-9.966268251242619072e-03,-7.743408206798062243e-02
1.575000000000000178e+00,5.876189371542440698e-01,-7.133552904565219205e-03,-5.998704373620501740e-02
1.600000000000000089e+00,5.873948304701231971e-01,-4.152313651528647363e-03,-4.154097148939793482e-02
1.625000000000000000e+00,5.893856317754124774e-01,-1.136393584116471202e-03,-2.162614328709119502e-02
1.650000000000000133e+00,5.902793545604456682e-01,1.681527854466662074e-03,-4.208438562220984287e-03
1.675000000000000044e+00,5.900995679130591753e-01,4.666115524985962881e-03,1.432817180447569158e-02
1.700000000000000178e+00,5.891471912707421099e-01,7.785762712058601209e-03,3.384608503789843931e-02
1.725000000000000089e+00,5.906789657945680228e-01,1.096311835972280276e-02,5.504876372601543583e-02
1.750000000000000000e+00,5.912190931387827364e-01,1.371761727090809076e-02,7.212909373105669264e-02
1.775000000000000133e+00,5.908493405404491305e-01,1.664393709856552481e-02,9.033533484224628984e-02
1.800000000000000044e+00,5.898118758329418121e-01,1.973914003458513561e-02,1.096989566422462148e-01
1.825000000000000178e+00,5.882934043732493956e-01,2.290434860316286139e-02,1.295813346268624433e-01
1.850000000000000089e+00,5.897046336374852649e-01,2.616929539998621990e-02,1.514969653125990690e-01
1.875000000000000000e+00,5.903002835091343270e-01,2.882716570564721609e-02,1.678812963502331612e-01
1.900000000000000133e+00,5.901914342978267225e-01,3.168850012326021592e-02,1.854580766990243657e-01
1.925000000000000044e+00,5.895497924432429038e-01,3.477853240048362632e-02,2.043524089151548540e-01
1.950000000000000178e+00,5.885530253909286857e-01,3.800031121480050567e-02,2.239347995190683616e-01
1.975000000000000089e+00,5.873415375755295376e-01,4.125540756888963073e-02,2.437255646711822821e-01
2.000000000000000000e+00,5.860011906663018522e-01,4.447937281482222671e-02,2.633943165441965939e-01
2.024999999999999911e+00,5.846097706967962049e-01,4.765663731593434982e-02,2.828344515798436598e-01
2.050000000000000266e+00,5.832876713127672641e-01,5.073509765029286800e-02,3.018432815996472951e-01
2.075000000000000178e+00,5.820107161309895361e-01,5.373913540764330143e-02,3.204460189314362051e-01
2.100000000000000089e+00,5.807703149066910653e-01,5.669638971577224684e-02,3.386465437184992266e-01
2.125000000000000000e+00,5.795762586963885132e-01,5.962136653729087354e-02,3.564635601991221758e-01
2.149999999999999911e+00,5.784550920687594466e-01,6.251070737711184044e-02,3.739948452741309048e-01
2.175000000000000266e+00,5.774146397506666473e-01,6.536606871423704390e-02,3.912646472992770685e-01
2.200000000000000178e+00,5.764582167360458032e-01,6.819321296241569186e-02,4.082910946983415168e-01
2.225000000000000089e+00,5.755833720741800885e-01,7.099298571199041952e-02,4.251216122117370544e-01
2.250000000000000000e+00,5.747949994873521318e-01,7.377472314635322159e-02,4.417389161296962352e-01
2.274999999999999911e+00,5.740489885092814326e-01,7.655644424995190767e-02,4.584006490685870738e-01
2.300000000000000266e+00,5.733341491137453616e-01,7.935478924653641131e-02,4.752254659318947416e-01
2.325000000000000178e+00,5.726733267359039870e-01,8.217269752943427708e-02,4.921465460366464817e-01
2.350000000000000089e+00,5.720839859184804199e-01,8.500342823266184011e-02,5.090771103337503600e-01
2.375000000000000000e+00,5.715654244266331618e-01,8.783387602019505913e-02,5.259524707159354273e-01
2.400000000000000355e+00,5.711101200171442294e-01,9.065362634818120713e-02,5.427382628396469899e-01
2.425000000000000266e+00,5.707036757763543910e-01,9.345448683211127205e-02,5.594223547397697560e-01
2.450000000000000178e+00,5.703369586996636098e-01,9.623418644474805717e-02,5.760026357657029861e-01
2.475000000000000089e+00,5.700072873733612600e-01,9.899273546199906237e-02,5.924731434479068026e-01
2.500000000000000000e+00,5.697128561700134375e-01,1.017278458356010717e-01,6.088203117583381729e-01
2.525000000000000355e+00,5.663708401863725150e-01,1.040593216561290918e-01,6.197935570167366626e-01
2.550000000000000266e+00,5.640021095442695476e-01,1.073723064469298688e-01,6.422399044370327159e-01
2.575000000000000178e+00,5.619748468941100361e-01,1.102550953185617855e-01,6.602152002580555790e-01
2.600000000000000089e+00,5.606358267652440386e-01,1.127132900004051835e-01,6.754542896846355005e-01
2.625000000000000000e+00,5.599361867648899871e-01,1.149720118702099586e-01,6.896995153041565185e-01
2.650000000000000355e+00,5.596158105377052605e-01,1.171844786857651061e-01,7.036384750247020037e-01
2.675000000000000266e+00,5.595089838844232721e-01,1.193951433350007446e-01,7.174876198454751552e-01
2.700000000000000178e+00,5.595340898748311087e-01,1.215994475032727423e-01,7.312810973175010165e-01
2.725000000000000089e+00,5.596388617013490219e-01,1.237817584354758554e-01,7.449680009552978044e-01
2.750000000000000000e+00,5.565047129911395718e-01,1.254547809040005013e-01,7.528748867409079670e-01
2.775000000000000355e+00,5.546436479729976998e-01,1.283244706425133996e-01,7.727699442830121557e-01
2.800000000000000266e+00,5.530827975369810856e-01,1.305323695834747777e-01,7.870019727884223215e-01
2.825000000000000178e+00,5.522059498875890871e-01,1.323184025841886435e-01,7.988164154911582271e-01
2.850000000000000089e+00,5.519123602143500840e-01,1.337857089016616652e-01,8.091655386145157891e-01
2.875000000000000000e+00,5.520090043971800364e-01,1.349544727866127114e-01,8.177473602204343717e-01
2.900000000000000355e+00,5.523791890637249624e-01,1.359062622249442853e-01,8.249685337684935504e-01
2.925000000000000266e+00,5.529154261715716334e-01,1.366880793108229686e-01,8.310612764845023426e-01
2.950000000000000178e+00,5.534188741302477066e-01,1.372781336731053459e-01,8.357788726329874462e-01
2.975000000000000089e+00,5.540062981587539070e-01,1.377769659642072431e-01,8.399452423954215652e-01
3.000000000000000000e+00,5.521660895062817653e-01,1.377429556744546590e-01,8.411495981009504685e-01
3.025000000000000355e+00,5.505511491994933282e-01,1.376288173428391048e-01,8.420265033570305535e-01
3.050000000000000266e+00,5.496274842229645907e-01,1.375896224564628068e-01,8.431076710916884931e-01
3.075000000000000178e+00,5.492982454196474462e-01,1.376257557474666604e-01,8.443871863800459510e-01
3.100000000000000089e+00,5.493206228397832236e-01,1.376920640291802722e-01,8.457774214001134716e-01
3.125000000000000000e+00,5.495150317955150854e-01,1.377585160527080577e-01,8.472196418489296166e-01
3.150000000000000355e+00,5.497211967134698618e-01,1.378173592306451145e-01,8.487982845901819173e-01
3.175000000000000266e+00,5.499678812016979279e-01,1.378928070813388029e-01,8.504368071726752243e-01
3.200000000000000178e+00,5.502342580502942448e-01,1.379770222399875901e-01,8.520759319477626548e-01
3.225000000000000089e+00,5.504851979913432114e-01,1.380587386040683096e-01,8.536734555351823683e-01
3.250000000000000000e+00,5.506943857539658982e-01,1.381313839950359112e-01,8.552066239853457486e-01
3.275000000000000355e+00,5.511634908315872217e-01,1.378096207581771260e-01,8.550647161031570409e-01
3.300000000000000266e+00,5.512856581367198139e-01,1.377502397466652539e-01,8.553523978625566793e-01
3.325000000000000178e+00,5.511058793359485675e-01,1.379365525317431673e-01,8.563317055522522425e-01
3.350000000000000089e+00,5.512396586688227407e-01,1.377366800194876895e-01,8.555705508715155672e-01
3.375000000000000000e+00,5.511080957881648867e-01,1.377285104203708199e-01,8.553120456442663277e-01
3.400000000000000355e+00,5.519754398757226177e-01,1.364480709474019116e-01,8.503109271301602101e-01
3.425000000000000266e+00,5.535605920122731449e-01,1.376451059829960355e-01,8.548704934235132891e-01
3.450000000000000178e+00,5.559504158487973413e-01,1.377275273514915743e-01,8.553259288167565089e-01
3.475000000000000089e+00,5.573274300077938337e-01,1.378334612210430632e-01,8.556757460635548984e-01
3.500000000000000000e+00,5.570776535540735708e-01,1.388584339834377235e-01,8.586923397199451857e-01
3.525000000000000355e+00,5.583797652656085075e-01,1.375464583095433735e-01,8.537342076739136143e-01
3.550000000000000266e+00,5.577390435645457334e-01,1.377566124725936314e-01,8.535726513349417566e-01
3.575000000000000178e+00,5.568394403324310460e-01,1.379124201986973719e-01,8.530315669738950390e-01
3.600000000000000089e+00,5.558871117675631135e-01,1.379293649453504078e-01,8.519370393842888856e-01
3.625000000000000000e+00,5.574167345380246497e-01,1.386392990729570784e-01,8.538274043145971381e-01
3.650000000000000355e+00,5.599040020174398391e-01,1.378477720420543118e-01,8.510192506033726900e-01
3.675000000000000266e+00,5.597966202578369410e-01,1.388293379086914248e-01,8.534146297510660784e-01
3.700000000000000178e+00,5.592651468464803211e-01,1.394675157409149824e-01,8.545616498645349779e-01
3.725000000000000089e+00,5.596482698998541672e-01,1.384722674462494363e-01,8.505252129729361510e-01
3.750000000000000000e+00,5.584337508642751580e-01,1.389348626174347900e-01,8.518307670098953510e-01
3.775000000000000355e+00,5.609724689296384792e-01,1.390908171820273986e-01,8.544928925613517467e-01
3.800000000000000266e+00,5.622333538380646090e-01,1.392956418500033433e-01,8.541581265517546040e-01
3.825000000000000178e+00,5.634893395729501098e-01,1.376844894954084575e-01,8.463618450975242125e-01
3.850000000000000089e+00,5.642437043577778200e-01,1.355832888629319166e-01,8.360096624755619654e-01
3.875000000000000000e+00,5.677928680066293143e-01,1.335634111893420350e-01,8.279499909547312075e-01
3.900000000000000355e+00,5.701829136731154657e-01,1.303019731313957430e-01,8.089348639288559406e-01
3.925000000000000266e+00,5.713450830370366829e-01,1.273857223016778839e-01,7.924023235589909842e-01
3.950000000000000178e+00,5.716183432253777452e-01,1.246443977025191857e-01,7.770115511867117242e-01
3.975000000000000089e+00,5.745542506949895545e-01,1.223565066722197420e-01,7.662419465771250771e-01
4.000000000000000000e+00,5.763574399472950471e-01,1.191198558839078742e-01,7.466915831227767253e-01
4.025000000000000355e+00,5.769799625349489869e-01,1.162403572568708604e-01,7.296758694346523466e-01
4.049999999999999822e+00,5.767467142246353040e-01,1.135306211352954397e-01,7.138501721307727310e-01
4.075000000000000178e+00,5.791847476681528661e-01,1.112284582743020556e-01,7.023312737675317941e-01
4.100000000000000533e+00,5.804884912421355292e-01,1.081217297903092206e-01,6.830510326280831990e-01
4.125000000000000000e+00,5.806675898347052334e-01,1.053415959496139531e-01,6.661561431769520425e-01
4.150000000000000355e+00,5.832957880365142733e-01,1.030914704559655753e-01,6.543753097328061097e-01
4.174999999999999822e+00,5.846334777905514146e-01,1.001854709468287391e-01,6.359114539836782098e-01
4.200000000000000178e+00,5.847591727223472313e-01,9.759373704335924660e-02,6.198343343439073339e-01
4.225000000000000533e+00,5.872697709993413007e-01,9.547944014209749919e-02,6.085090311738302615e-01
4.250000000000000000e+00,5.884330183794815872e-01,9.278857477516240515e-02,5.911543338158089522e-01
4.275000000000000355e+00,5.883777407790222735e-01,9.038329903607156268e-02,5.760278169146528793e-01
4.299999999999999822e+00,5.906945279909595614e-01,8.839649638499572082e-02,5.652147384824696141e-01
4.325000000000000178e+00,5.916563010504352071e-01,8.592290581015221695e-02,5.491093838747655997e-01
4.350000000000000533e+00,5.914056325520696822e-01,8.371007265771779338e-02,5.349466146437702463e-01
4.375000000000000000e+00,5.935259462668026620e-01,8.186372696910847180e-02,5.245964662946022150e-01
4.400000000000000355e+00,5.943474685905227872e-01,7.961369290264365406e-02,5.097462422481072730e-01
4.424999999999999822e+00,5.939588356317513362e-01,7.758164421027760604e-02,4.965985211500606455e-01
4.450000000000000178e+00,5.959027400174573552e-01,7.586784816272178211e-02,4.867547303227935385e-01
4.475000000000000533e+00,5.966064566591652296e-01,7.382766177145072550e-02,4.732182640709075017e-01
4.500000000000000000e+00,5.992258837661621484e-01,7.212095696498184438e-02,4.631757100214323186e-01
4.525000000000000355e+00,6.003548770731280682e-01,7.018687807029522219e-02,4.501107324061625059e-01
4.549999999999999822e+00,6.000770376293919073e-01,6.843764003831652454e-02,4.385411895120469028e-01
4.575000000000000178e+00,6.019728890949015421e-01,6.696335107866817349e-02,4.298775253857295975e-01
4.600000000000000533e+00,6.025601465864626194e-01,6.524078159020538226e-02,4.183007561647411054e-01
4.625000000000000000e+00,6.019423756424020500e-01,6.362848713604435380e-02,4.076991931348941667e-01
4.650000000000000355e+00,6.036133559755693101e-01,6.231137831575497832e-02,3.998763231078223956e-01
4.674999999999999822e+00,6.040431312380095674e-01,6.077982675801467394e-02,3.895393419794701551e-01
4.700000000000000178e+00,6.033614412956931350e-01,5.931803644760123145e-02,3.799268286679760576e-01
4.725000000000000533e+00,6.049451311492706207e-01,5.817040605112541729e-02,3.729204733787697124e-01
4.750000000000000000e+00,6.053961584893808867e-01,5.685968665896153074e-02,3.640703243200451578e-01
4.775000000000000355e+00,6.047342829455316648e-01,5.558900026699999802e-02,3.555972790422892715e-01
4.800000000000000711e+00,6.032747724377733878e-01,5.439249479027712109e-02,3.476183489523589354e-01
4.825000000000000178e+00,6.042879556722194900e-01,5.351114136431999596e-02,3.422002322133690377e-01
4.850000000000000533e+00,6.044739141362136525e-01,5.252950772256854972e-02,3.353683700265573941e-01
4.875000000000000000e+00,6.036641756389150570e-01,5.158726588238461697e-02,3.288166885524794747e-01
4.900000000000000355e+00,6.021420760037735631e-01,5.075808523112372572e-02,3.230325355462139725e-01
4.925000000000000711e+00,6.031735192873340923e-01,5.024539329882186239e-02,3.198585672299250615e-01
4.950000000000000178e+00,6.034038519102304932e-01,4.968197938094492949e-02,3.155930662756969984e-01
4.975000000000000533e+00,6.026841610226851831e-01,4.919176293277382345e-02,3.118134921331786047e-01
5.000000000000000000e+00,6.013075340962392712e-01,4.882279818115045633e-02,3.088231394997894008e-01
5.025000000000000355e+00,5.995280014606556573e-01,4.858915599213866482e-02,3.066862195134669733e-01
5.050000000000000711e+00,6.005157046105831231e-01,4.867774121190483055e-02,3.071799574295295265e-01
5.075000000000000178e+00,6.008057358918661439e-01,4.871010079448151453e-02,3.065676192722404103e-01
5.100000000000000533e+00,6.002447832378284831e-01,4.883162968630058720e-02,3.065156356992902453e-01
5.125000000000000000e+00,5.990994136026549510e-01,4.909409725634657218e-02,3.073330516403937618e-01
5.150000000000000355e+00,5.975915277742465115e-01,4.950636754799984940e-02,3.090811917514634244e-01
5.175000000000000711e+00,5.958793597980600598e-01,5.006943639291579901e-02,3.117753730723438199e-01
5.200000000000000178e+00,5.940526105765568943e-01,5.076993829218002380e-02,3.154220554626541717e-01
5.225000000000000533e+00,5.921970864202074081e-01,5.166090138520457176e-02,3.201960893710864009e-01
5.250000000000000000e+00,5.903977285218234838e-01,5.278345632174924473e-02,3.263059682447337906e-01
5.275000000000000355e+00,5.887324474278444741e-01,5.416649459287327384e-02,3.341736894905794619e-01
5.300000000000000711e+00,5.871702943981027545e-01,5.579632959107302947e-02,3.436489994994992303e-01
5.325000000000000178e+00,5.856648424086529081e-01,5.761336450791155334e-02,3.543733159271626465e-01
5.350000000000000533e+00,5.842033364578956833e-01,5.958782735659098884e-02,3.660514863214067716e-01
5.375000000000000000e+00,5.828049655852770572e-01,6.169916033643284281e-02,3.786252640200509223e-01
5.400000000000000355e+00,5.814953716025053065e-01,6.392135934802248287e-02,3.919120563792626299e-01
5.425000000000000711e+00,5.802845021524615232e-01,6.623523822023415220e-02,4.057817914034131390e-01
5.450000000000000178e+00,5.791692375133109527e-01,6.862474104526784802e-02,4.201438093279159514e-01
5.475000000000000533e+00,5.781402290480744943e-01,7.108017264891593190e-02,4.349422739078251943e-01
5.500000000000000000e+00,5.771897261297302961e-01,7.359469460316170331e-02,4.501272037618874733e-01
5.525000000000000355e+00,5.732553215929101498e-01,7.592779599655301304e-02,4.612791856364293341e-01
5.550000000000000711e+00,5.702692253699341851e-01,7.916176374365462010e-02,4.830083809657033100e-01
5.575000000000000178e+00,5.677550119951076946e-01,8.213644639371957268e-02,5.015503154751616011e-01
5.600000000000000533e+00,5.659203077590567732e-01,8.472667565987689053e-02,5.175662997979910696e-01
5.625000000000000000e+00,5.647030233898071572e-01,8.715332210488754838e-02,5.327421331793842363e-01
5.650000000000000355e+00,5.638821118902391794e-01,8.957906745401583715e-02,5.478120330011978512e-01
5.675000000000000711e+00,5.601746652161239126e-01,9.170219798601909889e-02,5.578666775118661381e-01
5.700000000000000178e+00,5.575531279313972188e-01,9.486457943009411753e-02,5.797027407478919647e-01
5.725000000000000533e+00,5.553949333398970900e-01,9.763393382484959748e-02,5.972438302384667219e-01
5.750000000000000000e+00,5.539386056974933137e-01,9.997005077685176822e-02,6.118565356882763595e-01
5.775000000000000355e+00,5.530235292019012316e-01,1.020676988458123213e-01,6.250806763792032816e-01
5.800000000000000711e+00,5.492468417537356151e-01,1.036502085345661489e-01,6.324808472789518188e-01
5.825000000000000178e+00,5.465234934026783620e-01,1.062345470382398405e-01,6.505295156222415942e-01
5.850000000000000533e+00,5.444080362505091530e-01,1.083608609206947043e-01,6.641900951342880610e-01
5.875000000000000000e+00,5.431817680954976746e-01,1.101382631289480191e-01,6.756727268365696482e-01
5.900000000000000355e+00,5.426068182681622609e-01,1.116942256083719998e-01,6.860687474952692488e-01
5.925000000000000711e+00,5.390098140022218098e-01,1.125779159088643594e-01,6.906442155966443508e-01
5.950000000000000178e+00,5.368150332547214632e-01,1.143472545236660365e-01,7.036026725714054075e-01
5.975000000000000533e+00,5.351711194367639868e-01,1.156344992245875586e-01,7.126205639933481661e-01
6.000000000000000000e+00,5.340809415318203968e-01,1.166531445674984790e-01,7.197394099325417072e-01
6.025000000000000355e+00,5.334519746324577483e-01,1.175594998222408705e-01,7.259700961577550959e-01
6.050000000000000711e+00,5.301967751120472139e-01,1.178426469064579457e-01,7.277005267449055959e-01
6.075000000000000178e+00,5.275621155585832334e-01,1.183935832485476514e-01,7.316520987501027307e-01
6.100000000000000533e+00,5.257622246061315341e-01,1.189565508478794276e-01,7.356874292706804264e-01
6.125000000000000000e+00,5.247265010630025595e-01,1.194486316999731623e-01,7.391987387161278455e-01
6.150000000000000355e+00,5.242766668446893208e-01,1.198206398000124101e-01,7.419223241333120500e-01
6.175000000000000711e+00,5.242388896743105375e-01,1.200449846026406531e-01,7.437378537964065561e-01
6.200000000000000178e+00,5.244853885256249848e-01,1.201107051077473786e-01,7.445970398741902363e-01
6.225000000000000533e+00,5.249273114100556636e-01,1.200146640369912365e-01,7.444859352377617423e-01
6.250000000000000000e+00,5.255019723101990170e-01,1.197573618185867744e-01,7.434076310521302577e-01
6.275000000000000355e+00,5.261678040791459843e-01,1.193387712030191811e-01,7.413713252914664320e-01
6.300000000000000711e+00,5.269584923139405408e-01,1.187452371097099807e-01,7.383769739759776796e-01
6.325000000000000178e+00,5.278197851365011850e-01,1.179363202505811503e-01,7.341553869075697625e-01
6.350000000000000533e+00,5.255912903655090007e-01,1.163650624247881682e-01,7.248469081480898302e-01
6.375000000000000000e+00,5.238586333169024112e-01,1.151168628929419985e-01,7.180607838982036029e-01
6.400000000000000355e+00,5.230686201488047304e-01,1.138409720655867569e-01,7.111220642617134269e-01
6.425000000000000711e+00,5.261586071570366618e-01,1.129287595939235944e-01,7.072435517531170390e-01
6.450000000000000178e+00,5.286661749364538476e-01,1.110030055575713104e-01,6.950762935270446974e-01
6.475000000000000533e+00,5.308262839894042351e-01,1.092622767745431434e-01,6.844576573158757116e-01
6.500000000000000000e+00,5.326031813701426199e-01,1.076147781770513956e-01,6.745810216626644262e-01
6.525000000000000355e+00,5.340394816188150928e-01,1.059540790344658534e-01,6.646843545129345054e-01
6.550000000000000711e+00,5.351915391163523106e-01,1.042364051386309581e-01,6.544623903903311612e-01
6.575000000000000178e+00,5.361253678371687981e-01,1.024532768728498577e-01,6.438426781328672188e-01
6.600000000000000533e+00,5.369010343321820589e-01,1.006120042532863412e-01,6.328537669236712349e-01
6.625000000000000000e+00,5.375616006337150532e-01,9.872388044599605950e-02,6.215477701103694352e-01
6.650000000000000355e+00,5.381372706960527719e-01,9.680151715623611097e-02,6.099930995115891985e-01
6.675000000000000711e+00,5.417895484451242805e-01,9.526580470182374749e-02,6.019214497148055454e-01
6.700000000000000178e+00,5.446629963354671089e-01,9.310754816020073987e-02,5.877637024671464872e-01
6.725000000000000533e+00,5.466909234442882681e-01,9.113435192404026330e-02,5.754095972400463666e-01
6.750000000000000000e+00,5.480466429548385143e-01,8.928016076314353178e-02,5.640563379556521317e-01
6.775000000000000355e+00,5.489133308037714709e-01,8.745586907675062527e-02,5.529527308275543618e-01
6.800000000000000711e+00,5.525603081372195691e-01,8.596539667779325156e-02,5.449600375537241304e-01
6.825000000000000178e+00,5.552309763203655546e-01,8.394386334288973794e-02,5.316610334648370628e-01
6.850000000000000533e+00,5.569389683978641647e-01,8.206886656259511359e-02,5.198971466229875826e-01
6.875000000000000000e+00,5.579072618120941573e-01,8.029767241000190792e-02,5.090197373237417278e-01
6.900000000000000355e+00,5.614715284202507206e-01,7.885424663826950953e-02,5.011536858129842509e-01
6.925000000000000711e+00,5.639356665882117037e-01,7.697813539709594255e-02,4.887989584280156841e-01
6.950000000000000178e+00,5.653502424472208743e-01,7.523713449509900064e-02,4.778475928982331977e-01
6.975000000000000533e+00,5.690894239094047569e-01,7.384874794179210888e-02,4.701453894857199334e-01
7.000000000000000000e+00,5.715637912884089511e-01,7.211789910943854076e-02,4.587783339918855008e-01
7.025000000000000355e+00,5.728412636261053237e-01,7.052245046508766324e-02,4.487175744518919207e-01
7.050000000000000711e+00,5.763405051742013230e-01,6.924738864798407612e-02,4.415088754679324379e-01
7.075000000000000178e+00,5.785482607010486999e-01,6.769347417144672141e-02,4.313440107510024824e-01
7.100000000000000533e+00,5.795137855341062627e-01,6.626039610425564497e-02,4.222371376981623459e-01
7.125000000000000000e+00,5.826815089934809233e-01,6.511453011696423376e-02,4.155622197371202087e-01
7.150000000000000355e+00,5.845746529317956686e-01,6.376512185514092435e-02,4.066944576867391747e-01
7.175000000000000711e+00,5.852641247610465003e-01,6.250484913073160731e-02,3.985869712185893809e-01
7.200000000000000178e+00,5.880966026623195564e-01,6.151000059792607888e-02,3.925590156784193319e-01
7.225000000000000533e+00,5.897628986262318795e-01,6.038581580818064981e-02,3.851109029387393967e-01
7.250000000000000000e+00,5.902312239038495223e-01,5.929516882963258018e-02,3.779779490191285118e-01
7.275000000000000355e+00,5.927429511216981695e-01,5.845720879693656197e-02,3.727141384326744800e-01
7.300000000000000711e+00,5.941907915539653695e-01,5.752645715894683792e-02,3.665335387161987035e-01
7.325000000000000178e+00,5.973662738490578272e-01,5.680818497137064826e-02,3.618482864308475988e-01
7.350000000000000533e+00,5.991558904357531246e-01,5.599494904993297661e-02,3.563373929459004996e-01
7.375000000000000000e+00,5.994990345143585975e-01,5.517879154856402540e-02,3.507577589025043241e-01
7.400000000000000355e+00,6.018736859050438648e-01,5.464807883235801855e-02,3.474224069854064956e-01
7.425000000000000711e+00,6.029967724668832130e-01,5.402378041581038653e-02,3.429606492146261565e-01
7.450000000000000178e+00,6.028833420472345939e-01,5.345807957139126626e-02,3.389121247599496956e-01
7.475000000000000533e+00,6.049192617045889842e-01,5.321206372035758997e-02,3.373376092481540911e-01
7.500000000000000000e+00,6.057863660019291441e-01,5.290018623801136244e-02,3.347088800265043962e-01
7.525000000000000355e+00,6.084876956796184677e-01,5.286783231558904450e-02,3.343627824710869723e-01
7.550000000000000711e+00,6.097602262877599433e-01,5.276055982203094186e-02,3.329064217273403625e-01
7.575000000000000178e+00,6.096760872215274407e-01,5.274916206202378416e-02,3.320793150536737182e-01
7.600000000000000533e+00,6.116525500696947670e-01,5.308534189221785632e-02,3.340342281457148177e-01
7.625000000000000000e+00,6.123990672605104102e-01,5.336320782595955353e-02,3.349195143556106813e-01
7.650000000000000355e+00,6.119502787061845694e-01,5.376462369583519946e-02,3.365088152877536154e-01
7.675000000000000711e+00,6.136585197865448427e-01,5.453740100556021819e-02,3.410032033504600268e-01
7.700000000000000178e+00,6.142267102272696011e-01,5.524236248645011255e-02,3.442647532428745327e-01
7.725000000000000533e+00,6.136489234931713499e-01,5.605790197084737497e-02,3.482091468534690426e-01
7.750000000000000000e+00,6.121842254492624313e-01,5.706051324256385809e-02,3.530371546262423554e-01
7.775000000000000355e+00,6.134464912793506919e-01,5.851363113486718337e-02,3.619510530021471939e-01
7.800000000000000711e+00,6.135114258333537185e-01,5.980285510531858223e-02,3.681841936322525766e-01
7.825000000000000178e+00,6.126219346394553567e-01,6.132631365748621860e-02,3.757510658444788709e-01
7.850000000000000533e+00,6.112395470256458685e-01,6.324579002791985705e-02,3.859752056401535847e-01
7.875000000000000000e+00,6.127168132011115986e-01,6.557115996222130649e-02,4.013734448845090452e-01
7.900000000000000355e+00,6.126800061324823021e-01,6.728781764176944291e-02,4.102051254878619213e-01
7.925000000000000711e+00,6.118783330061374759e-01,6.928467804194901603e-02,4.210952904697810029e-01
7.950000000000000178e+00,6.105395526580839061e-01,7.164085236581475835e-02,4.346144149721303807e-01
7.975000000000000533e+00,6.087719596164096192e-01,7.420931015293852351e-02,4.496922984637125031e-01
8.000000000000000000e+00,6.099389878399411602e-01,7.714050775625184986e-02,4.698156241462342897e-01
8.025000000000000355e+00,6.099136503278748123e-01,7.916400735985291981e-02,4.804449932148598945e-01
8.050000000000000711e+00,6.093904051951614109e-01,8.148834020873312045e-02,4.935149438968789992e-01
8.075000000000001066e+00,6.083446600282684802e-01,8.421737033485468538e-02,5.095209587373418225e-01
8.099999999999999645e+00,6.068506012113233927e-01,8.718532775675919000e-02,5.270847037074615216e-01
8.125000000000000000e+00,6.051059755640789684e-01,9.022706932083734976e-02,5.452072719484103436e-01
8.150000000000000355e+00,6.032581685668159110e-01,9.326870970764127022e-02,5.634631302065947756e-01
8.175000000000000711e+00,6.013590682891232220e-01,9.627809341508727914e-02,5.817057149032414110e-01
8.200000000000001066e+00,5.994850168882173147e-01,9.926905616855888348e-02,5.999277845455147640e-01
8.224999999999999645e+00,5.976738932076561817e-01,1.022526198393351876e-01,6.181401188948713044e-01
8.250000000000000000e+00,5.959401670524268058e-01,1.052339387361612977e-01,6.363509889940193176e-01
8.275000000000000355e+00,5.942865791759794902e-01,1.082134565207148319e-01,6.545604178147708119e-01
8.300000000000000711e+00,5.927115631378498950e-01,1.111886956899568596e-01,6.727541855870736720e-01
8.325000000000001066e+00,5.912115415864226398e-01,1.141555311081265123e-01,6.909082111836476470e-01
8.349999999999999645e+00,5.897798270987901770e-01,1.171082263072263929e-01,7.089964334235735466e-01
8.375000000000000000e+00,5.884088453703725241e-01,1.200401436797507160e-01,7.269846103230064305e-01
8.400000000000000355e+00,5.870883207695626327e-01,1.229434517427019369e-01,7.448318155948386865e-01
8.425000000000000711e+00,5.858084401394805241e-01,1.258093995029199441e-01,7.624880085647652850e-01
8.450000000000001066e+00,5.845607100429220937e-01,1.286280622544974384e-01,7.798882981047229324e-01
8.474999999999999645e+00,5.833039078612776152e-01,1.313732224653128278e-01,7.968298568465375098e-01
8.500000000000000000e+00,5.819597029630413365e-01,1.340142140878144428e-01,8.130240747656917177e-01
8.525000000000000355e+00,5.784739802863388958e-01,1.361655224846870793e-01,8.274268597901577316e-01
8.550000000000000711e+00,5.755641310764637586e-01,1.377866468054792237e-01,8.396604052592326894e-01
8.575000000000001066e+00,5.733500352481010198e-01,1.387986619027110624e-01,8.479774271234084004e-01
8.599999999999999645e+00,5.718026759526324554e-01,1.395398974492451372e-01,8.545226925515228000e-01
8.625000000000000000e+00,5.708206888000207924e-01,1.401306054227895725e-01,8.598564014791463261e-01
8.650000000000000355e+00,5.701960246509890640e-01,1.406057146067007935e-01,8.643006390820657803e-01
8.675000000000000711e+00,5.696231720782638508e-01,1.409699266990078748e-01,8.682464871214253810e-01
8.700000000000001066e+00,5.694112163968294560e-01,1.409010738681472086e-01,8.702577818762733397e-01
8.724999999999999645e+00,5.689410763427451556e-01,1.410963900782661873e-01,8.726189086770743675e-01
8.750000000000000000e+00,5.687629327737299123e-01,1.409010515151411513e-01,8.732825132693614600e-01
8.775000000000000355e+00,5.683007260882695366e-01,1.409409012398618599e-01,8.745015657327294134e-01
8.800000000000000711e+00,5.681244202788920949e-01,1.405757102575470319e-01,8.738559227415113595e-01
8.825000000000001066e+00,5.676422333999976422e-01,1.404361498021424182e-01,8.736254141121237993e-01
8.849999999999999645e+00,5.669036637395489242e-01,1.404586998725440572e-01,8.737094985404311176e-01
8.875000000000000000e+00,5.666004286587774663e-01,1.398980442202193419e-01,8.713352423934958013e-01
8.900000000000000355e+00,5.659367017721601556e-01,1.395465135890950059e-01,8.694655627546766796e-01
8.925000000000000711e+00,5.651739314728237984e-01,1.391208710300243234e-01,8.671769357453428251e-01
8.950000000000001066e+00,5.640777576290405548e-01,1.389131526038198117e-01,8.655068349136817440e-01
8.974999999999999645e+00,5.628588224465219669e-01,1.387179054939547129e-01,8.637960687117453018e-01
9.000000000000000000e+00,5.614514125887185569e-01,1.386691458721986125e-01,8.623092157392023838e-01
9.025000000000000355e+00,5.599790035065431715e-01,1.386342431868164693e-01,8.606606744027848199e-01
9.050000000000000711e+00,5.584705061606264342e-01,1.385739983021520294e-01,8.588373051640565414e-01
9.075000000000001066e+00,5.568855000227528329e-01,1.385303269961096484e-01,8.569677482796196344e-01
9.099999999999999645e+00,5.552943404215496814e-01,1.384354974059402998e-01,8.548948629513386521e-01
9.125000000000000000e+00,5.536831690865665623e-01,1.383037417001929115e-01,8.526467053377451144e-01
9.150000000000000355e+00,5.520531278046612034e-01,1.381440723562568640e-01,8.502363284878280414e-01
9.175000000000000711e+00,5.505093733126836808e-01,1.378434385823106567e-01,8.474193019448879038e-01
9.200000000000001066e+00,5.489161077259654409e-01,1.375491070513309433e-01,8.445530188113947734e-01
9.224999999999999645e+00,5.475607035506312448e-01,1.369384452402870600e-01,8.408373952061424239e-01
9.250000000000000000e+00,5.456002839656497461e-01,1.370002431070579674e-01,8.391425180734856104e-01
9.275000000000000355e+00,5.438714252290980378e-01,1.368536640893915635e-01,8.368507951314220206e-01
9.300000000000000711e+00,5.424238739958280320e-01,1.364221751323760612e-01,8.337705859873778547e-01
9.325000000000001066e+00,5.404888174793734956e-01,1.366165101945701343e-01,8.325896866984892064e-01
9.349999999999999645e+00,5.422732065377179334e-01,1.364149806851371882e-01,8.312002360196094619e-01
9.375000000000000000e+00,5.430966126330876165e-01,1.370518662011481759e-01,8.325355445197175630e-01
9.400000000000000355e+00,5.433761474850363760e-01,1.373244975552982416e-01,8.327144360417489954e-01
9.425000000000000711e+00,5.432748317376114855e-01,1.371991258253796864e-01,8.315983560729705015e-01
9.450000000000001066e+00,5.422101158002490262e-01,1.376405320890957962e-01,8.319402343117996423e-01
9.474999999999999645e+00,5.416044020913496349e-01,1.377837768471072422e-01,8.339586268958977255e-01
9.500000000000000000e+00,5.423825861257314251e-01,1.370541260398381034e-01,8.349859885945861704e-01
9.525000000000000355e+00,5.424933100641374795e-01,1.343148981603564385e-01,8.252447792689927564e-01
9.550000000000000711e+00,5.428163590263846983e-01,1.300998717080781852e-01,8.063392367418976692e-01
9.575000000000001066e+00,5.431223878800506277e-01,1.253908522568683015e-01,7.830653215750035256e-01
9.600000000000001421e+00,5.464250004060796639e-01,1.210940642223242852e-01,7.620573696590523527e-01
9.625000000000000000e+00,5.491671652491180167e-01,1.162226639354919655e-01,7.349558755324293591e-01
9.650000000000000355e+00,5.508907130764363336e-01,1.115511321201586581e-01,7.091933859367215431e-01
9.675000000000000711e+00,5.517485825021251067e-01,1.069944138094207631e-01,6.838695094678850506e-01
9.700000000000001066e+00,5.519883798288255372e-01,1.024779349700756237e-01,6.581999116120790250e-01
9.725000000000001421e+00,5.518591491217404998e-01,9.795494964582489306e-02,6.319363793880351521e-01
9.750000000000000000e+00,5.514854599591793027e-01,9.340457517214195704e-02,6.050578037182958724e-01
9.775000000000000355e+00,5.540211521181973575e-01,8.916363575320017387e-02,5.803006149705149941e-01
9.800000000000000711e+00,5.559440930161115846e-01,8.456805429832815746e-02,5.520018310266382455e-01
9.825000000000001066e+00,5.568893904683994700e-01,8.003488879028197722e-02,5.243968717600415719e-01
9.850000000000001421e+00,5.571204552124590093e-01,7.556660168512081832e-02,4.972488854960838145e-01
9.875000000000000000e+00,5.568894304751113022e-01,7.112395508700328217e-02,4.701855482243497142e-01
9.900000000000000355e+00,5.563657880009009737e-01,6.670488115092947090e-02,4.431374141760867080e-01
9.925000000000000711e+00,5.556636508529424479e-01,6.232861843689455061e-02,4.161599275215999705e-01
9.950000000000001066e+00,5.548583174944731189e-01,5.800710268661400659e-02,3.892915981203425302e-01
9.975000000000001421e+00,5.569405374793395813e-01,5.394388157117150501e-02,3.637440604182658466e-01
1.000000000000000000e+01,5.585144415697519404e-01,4.988218024041969623e-02,3.374144359954144856e-01
1.002500000000000036e+01,5.592318030013392338e-01,4.593787787100940545e-02,3.119373405373576658e-01
1.005000000000000071e+01,5.593615471134303352e-01,4.218083363604811786e-02,2.875472340184012654e-01
1.007500000000000107e+01,5.591013226306110750e-01,3.862443040001490441e-02,2.643229682223624533e-01
1.010000000000000142e+01,5.585738991496664863e-01,3.525590420973930689e-02,2.421894298985520499e-01
1.012500000000000000e+01,5.579274219804094548e-01,3.204552151660722270e-02,2.208068330784088706e-01
1.015000000000000036e+01,5.572427012003724478e-01,2.895870482251942934e-02,2.001751026244442400e-01
1.017500000000000071e+01,5.596869360608172084e-01,2.611226242946268830e-02,1.809203984413989552e-01
1.020000000000000107e+01,5.617348775724853027e-01,2.329379517533296251e-02,1.622749268257993038e-01
1.022500000000000142e+01,5.630100567495396335e-01,2.051855800023658083e-02,1.442083572742219599e-01
1.025000000000000000e+01,5.636851409978096417e-01,1.780271068944209306e-02,1.266224718628769508e-01
1.027500000000000036e+01,5.639292146463623645e-01,1.515778552118739360e-02,1.094974524919364173e-01
1.030000000000000071e+01,5.638630589304748364e-01,1.259670913951308271e-02,9.287551692948013693e-02
1.032500000000000107e+01,5.635723650230439752e-01,1.013103633836982126e-02,7.681757542788947291e-02
1.035000000000000142e+01,5.631193656543638237e-01,7.769491790140604752e-03,6.137776373129490842e-02
1.037500000000000000e+01,5.625502624493193826e-01,5.518270003498299339e-03,4.660007416592516771e-02
1.040000000000000036e+01,5.618995601255356576e-01,3.381361098407235314e-03,3.251525960624296330e-02
1.042500000000000071e+01,5.611933402183320041e-01,1.361464484463345906e-03,1.914653019729380123e-02
1.045000000000000107e+01,5.604512835016085548e-01,-5.395901180623053229e-04,6.511570311259240983e-03
1.047500000000000142e+01,5.596908357555129276e-01,-2.320732508072274620e-03,-5.348601029862479379e-03
1.050000000000000000e+01,5.589255993731333527e-01,-3.982441286485816599e-03,-1.642413578132356083e-02
1.052500000000000036e+01,5.611701879378245827e-01,-5.539737368662764685e-03,-2.689744805705780728e-02
1.055000000000000071e+01,5.628414770402744294e-01,-6.975135585030862659e-03,-3.639325767941828382e-02
1.057500000000000107e+01,5.636799512259329514e-01,-8.321881259255606289e-03,-4.528914958805790869e-02
1.060000000000000142e+01,5.639094833911645344e-01,-9.588717862898138433e-03,-5.366701826383734469e-02
1.062500000000000000e+01,5.637313804280106311e-01,-1.078120886417104421e-02,-6.157409303732794270e-02
1.065000000000000036e+01,5.632860284262299899e-01,-1.190651676248330806e-02,-6.906816922021725980e-02
1.067500000000000071e+01,5.626741283865336340e-01,-1.296317559780904051e-02,-7.615201135606092242e-02
1.070000000000000107e+01,5.619654245364381628e-01,-1.394475859292825838e-02,-8.278406179446511082e-02
1.072500000000000142e+01,5.612079162892228412e-01,-1.484521485059367082e-02,-8.892152474525792660e-02
1.075000000000000000e+01,5.604349006915845255e-01,-1.566029124557668031e-02,-9.453161271353151263e-02
1.077500000000000036e+01,5.596692248124833791e-01,-1.638756444744581334e-02,-9.959284386317501792e-02
1.080000000000000071e+01,5.589262497894804671e-01,-1.702618002881174306e-02,-1.040942014996568549e-01
1.082500000000000107e+01,5.582159704481720608e-01,-1.757656142001516944e-02,-1.080336494039774442e-01
1.085000000000000142e+01,5.575445363381694719e-01,-1.804014390192755155e-02,-1.114165020638750447e-01
1.087500000000000000e+01,5.539094440993439505e-01,-1.832520728950620334e-02,-1.137500648676405268e-01
1.090000000000000036e+01,5.509260192001016465e-01,-1.855163549851118060e-02,-1.156744628262134783e-01
1.092500000000000071e+01,5.488444678020968359e-01,-1.872351397522299676e-02,-1.171873873395388316e-01
1.095000000000000107e+01,5.474423693482312059e-01,-1.883665022566091696e-02,-1.182813314570745206e-01
1.097500000000000142e+01,5.465209193721132230e-01,-1.888983094984945238e-02,-1.189640531258229356e-01
1.100000000000000000e+01,5.459384053463787190e-01,-1.888408241385229613e-02,-1.192510838265880002e-01
1.102500000000000036e+01,5.455954706019567890e-01,-1.882162207569338178e-02,-1.191613944072663217e-01
1.105000000000000071e+01,5.454216198590223774e-01,-1.870520177897753988e-02,-1.187150603254962938e-01
1.107500000000000107e+01,5.453665763800021882e-01,-1.853777791104350980e-02,-1.179321316406449771e-01
1.110000000000000142e+01,5.453945777051537602e-01,-1.832235970936637801e-02,-1.168321949212260541e-01
1.112500000000000000e+01,5.454835446912886798e-01,-1.806204136058088897e-02,-1.154347815051873921e-01
1.115000000000000036e+01,5.456134151281090139e-01,-1.775968198264428824e-02,-1.137580026810961625e-01
1.117500000000000071e+01,5.457693515311387022e-01,-1.741807362787030009e-02,-1.118194418283527530e-01
1.120000000000000107e+01,5.459408584957565758e-01,-1.703995106534290926e-02,-1.096363000314574537e-01
1.122500000000000142e+01,5.461205809266540534e-01,-1.662798115295922863e-02,-1.072254125480424231e-01
1.125000000000000000e+01,5.432985625091693027e-01,-1.609686087934687412e-02,-1.041855362214823416e-01
1.127500000000000036e+01,5.410829206896513588e-01,-1.555701086850318389e-02,-1.009863662441225080e-01
1.130000000000000071e+01,5.397223478158060805e-01,-1.501781708275985380e-02,-9.771658686535811267e-02
1.132500000000000107e+01,5.389937293522522044e-01,-1.447408015981256971e-02,-9.437579986655428299e-02
1.135000000000000142e+01,5.386987036797529216e-01,-1.392184510754938473e-02,-9.096072329306241488e-02
1.137500000000000000e+01,5.386968759114506566e-01,-1.335932502677054934e-02,-8.747095891876412177e-02
1.140000000000000036e+01,5.388908001643385459e-01,-1.278601954220290500e-02,-8.390820393874225125e-02
1.142500000000000071e+01,5.392122587165500969e-01,-1.220207775140814445e-02,-8.027542537998326455e-02
1.145000000000000107e+01,5.396134516405114434e-01,-1.160799068712119013e-02,-7.657636440846517234e-02
1.147500000000000142e+01,5.400610775033257704e-01,-1.100444210028420772e-02,-7.281525796852712784e-02
1.150000000000000000e+01,5.375256001007372442e-01,-1.033165506956982421e-02,-6.875422200656162997e-02
1.152500000000000036e+01,5.356052340531531897e-01,-9.660582544385631215e-03,-6.458607491179874094e-02
1.155000000000000071e+01,5.345406561988605976e-01,-9.002663780285779724e-03,-6.044806915660176638e-02
1.157500000000000107e+01,5.341030049892492304e-01,-8.354499887572098757e-03,-5.634649065524151290e-02
1.160000000000000142e+01,5.340901811273564004e-01,-7.712305192193252661e-03,-5.227400083839887912e-02
1.162500000000000000e+01,5.343595064610688894e-01,-7.073814462136469167e-03,-4.822366944937933608e-02
1.165000000000000036e+01,5.348122603748886039e-01,-6.437803969492089662e-03,-4.419022075447041203e-02
1.167500000000000071e+01,5.353796347566066594e-01,-5.803636941007821182e-03,-4.016998731845040221e-02
1.170000000000000107e+01,5.360136961745499695e-01,-5.171040726363996740e-03,-3.616074266333676318e-02
1.172500000000000142e+01,5.366813089294513173e-01,-4.539992823556606230e-03,-3.216152131667360248e-02
1.175000000000000000e+01,5.373598109997551608e-01,-3.910648824448109684e-03,-2.817244339068813996e-02
1.177500000000000036e+01,5.350264653058606212e-01,-3.257789924781350106e-03,-2.416822865747006790e-02
1.180000000000000071e+01,5.332868098124032841e-01,-2.603056539999377538e-03,-2.001553464583401623e-02
1.182500000000000107e+01,5.323853308743390356e-01,-1.961101819643208590e-03,-1.591182837110684950e-02
1.185000000000000142e+01,5.320960136388691586e-01,-1.332497691933382097e-03,-1.188085167077171204e-02
1.187500000000000000e+01,5.322189254250053736e-01,-7.153626611576594223e-04,-7.920793504202518903e-03
1.190000000000000036e+01,5.326130787550010792e-01,-1.082550759246533775e-04,-4.026833447310044535e-03
1.192500000000000071e+01,5.331810919132518034e-01,4.897634639187756211e-04,-1.942368725896412242e-04
1.195000000000000107e+01,5.338552323857586046e-01,1.079318418200440324e-03,3.581016856214510550e-03
1.197500000000000142e+01,5.345884407876477784e-01,1.660817224164711295e-03,7.302097748790088542e-03
1.200000000000000000e+01,5.353482732928036558e-01,2.234437270703138433e-03,1.097167035520228012e-02
1.202500000000000036e+01,5.361126120284680496e-01,2.800014432106620859e-03,1.459094654498301058e-02
1.205000000000000071e+01,5.368666031533732008e-01,3.356981897845815691e-03,1.815855205091103375e-02
1.207500000000000107e+01,5.376004870067712105e-01,3.904407749089005598e-03,2.167060069126770447e-02
1.210000000000000142e+01,5.383080672408140366e-01,4.441058008039382859e-03,2.512103255413949271e-02
1.212500000000000000e+01,5.389856314821681593e-01,4.965459634568717209e-03,2.850199248096354360e-02
1.215000000000000036e+01,5.396311901837762548e-01,5.475957703812658374e-03,3.180419259676412619e-02
1.217500000000000071e+01,5.402439400174418038e-01,5.970765672274007570e-03,3.501723993595069750e-02
1.220000000000000107e+01,5.408238858340558286e-01,6.448008867724164955e-03,3.812992430353336071e-02
1.222500000000000142e+01,5.413715745555237602e-01,6.905761810709117737e-03,4.113046837282281071e-02
1.225000000000000000e+01,5.418879080385665681e-01,7.342080180583803947e-03,4.400674521017433616e-02
1.227500000000000036e+01,5.423740116813261514e-01,7.755028279651759830e-03,4.674646942147329953e-02
1.230000000000000071e+01,5.428311424720472234e-01,8.142702782129192934e-03,4.933736776657100115e-02
1.232500000000000107e+01,5.432606250971754314e-01,8.503253424887417464e-03,5.176733392828311575e-02
1.235000000000000142e+01,5.436638081874516359e-01,8.834901135505921627e-03,5.402457054866294239e-02
1.237500000000000000e+01,5.440420351745864913e-01,9.135953921452810364e-03,5.609771996573034020e-02
1.240000000000000036e+01,5.443966258404955294e-01,9.404820678878246520e-03,5.797598353619875383e-02
1.242500000000000071e+01,5.447288656821233088e-01,9.640022935778091995e-03,5.964922818495798501e-02
1.245000000000000107e+01,5.450400008629586734e-01,9.840204436771821800e-03,6.110807798869882096e-02
1.247500000000000142e+01,5.453312369242148128e-01,1.000413841735117541e-02,6.234398823147359325e-02
1.250000000000000000e+01,5.456037397050812476e-01,1.013073241035735393e-02,6.334929946833896264e-02
1.252500000000000036e+01,5.458586371639184698e-01,1.021903047400794969e-02,6.411726966162817343e-02
1.255000000000000071e+01,5.460970210586423290e-01,1.026821281710581929e-02,6.464208333706412957e-02
1.257500000000000107e+01,5.463199477572799889e-01,1.027759290422411605e-02,6.491883783506954830e-02
1.260000000000000142e+01,5.465284377994571452e-01,1.024661223054275892e-02,6.494350797211059789e-02
1.262500000000000000e+01,5.467234741836187739e-01,1.017483304468766968e-02,6.471289163237169129e-02
1.265000000000000036e+01,5.469059996688291347e-01,1.006192935791403766e-02,6.422453984349817124e-02
1.267500000000000071e+01,5.500866665448436166e-01,9.958424696655129860e-03,6.375566101875072833e-02
1.270000000000000107e+01,5.526476753849914880e-01,9.797233838126421374e-03,6.292494865575809504e-02
1.272500000000000142e+01,5.543390584513069319e-01,9.580492370560489759e-03,6.177941899042635465e-02
1.275000000000000000e+01,5.553890802539811489e-01,9.313406315041360822e-03,6.033620250487007480e-02
1.277500000000000036e+01,5.560041114614688862e-01,8.999062402756764084e-03,5.860241542431323530e-02
1.280000000000000071e+01,5.563216953951980459e-01,8.639085343714646495e-03,5.658204474501607462e-02
1.282500000000000107e+01,5.564359855560018220e-01,8.234467944661372218e-03,5.427828098941275131e-02
1.285000000000000142e+01,5.564128044768830161e-01,7.785921439593650011e-03,5.169402064233220156e-02
1.287500000000000000e+01,5.593021481673953188e-01,7.337013132706317158e-03,4.898651755184835893e-02
1.290000000000000036e+01,5.615251952104053368e-01,6.841706196858033696e-03,4.607231762273415049e-02
1.292500000000000071e+01,5.628533033534899310e-01,6.291220255100052339e-03,4.284465421696482396e-02
1.295000000000000107e+01,5.635234479263662166e-01,5.687613850673609896e-03,3.929602918834913111e-02
1.297500000000000142e+01,5.637433560763899232e-01,5.033828490100509395e-03,3.543201056981167690e-02
1.300000000000000000e+01,5.636596318632091096e-01,4.332073079098493901e-03,3.126024964372025455e-02
1.302500000000000036e+01,5.633737244877180528e-01,3.583994489509640356e-03,2.678878583499266774e-02
1.305000000000000071e+01,5.659597639407250025e-01,2.818198569325479613e-03,2.200515879784854453e-02
1.307500000000000107e+01,5.678562421166021279e-01,2.021677570701094391e-03,1.720537695014780905e-02
1.310000000000000142e+01,5.688465583585194940e-01,1.173136411837954552e-03,1.210957391275884268e-02
1.312500000000000000e+01,5.691755431286547040e-01,2.702722702752147015e-04,6.680853693622936483e-03
1.315000000000000036e+01,5.690560575826283385e-01,-6.846707631894840109e-04,9.219590287667654184e-04
1.317500000000000071e+01,5.686379804398405957e-01,-1.689394689484388732e-03,-5.157584421490583534e-03
1.320000000000000107e+01,5.710291489032848222e-01,-2.734516911415054308e-03,-1.176814678183810657e-02
1.322500000000000142e+01,5.726879812140787118e-01,-3.793734049113330585e-03,-1.819308342552490923e-02
1.325000000000000000e+01,5.734151972489779370e-01,-4.902428035009000380e-03,-2.489982550009784898e-02
1.327500000000000036e+01,5.734636112818082276e-01,-6.077593220970522320e-03,-3.200626649356879544e-02
1.330000000000000071e+01,5.730557952064068150e-01,-7.331616264846422572e-03,-3.959045463915235319e-02
1.332500000000000107e+01,5.723495571280970973e-01,-8.668521443182588063e-03,-4.769826423542015970e-02
1.335000000000000142e+01,5.714511581813985774e-01,-1.008501640512346129e-02,-5.632838076992874310e-02
1.337500000000000000e+01,5.734445715175628955e-01,-1.155050492990281757e-02,-6.586176396311353709e-02
1.340000000000000036e+01,5.747343432789215889e-01,-1.297559096658942521e-02,-7.450296123350581834e-02
1.342500000000000071e+01,5.751418313114271541e-01,-1.447824286366536893e-02,-8.358214290822794934e-02
1.345000000000000107e+01,5.749020403275081348e-01,-1.608252393695922683e-02,-9.332482797400319663e-02
1.347500000000000142e+01,5.742052946167216509e-01,-1.777909464641098600e-02,-1.036809938920355556e-01
1.350000000000000000e+01,5.731919924924033793e-01,-1.954244352468740772e-02,-1.144895613273610308e-01
1.352500000000000036e+01,5.719865912352790627e-01,-2.136551648719426169e-02,-1.257178969356519960e-01
1.355000000000000071e+01,5.706646062605624792e-01,-2.324091503441454848e-02,-1.373100644566686568e-01
1.357500000000000107e+01,5.692733214490399707e-01,-2.516246763370286882e-02,-1.492129702468323604e-01
1.360000000000000142e+01,5.678446192148526306e-01,-2.712666534752534650e-02,-1.613945321041133640e-01
1.362500000000000000e+01,5.695639903033861140e-01,-2.920706692492200038e-02,-1.754613517909936193e-01
1.365000000000000036e+01,5.703862634775772600e-01,-3.095636149801833659e-02,-1.859580602050896481e-01
1.367500000000000071e+01,5.704438385031965764e-01,-3.287072188498873365e-02,-1.973984816481042515e-01
1.370000000000000107e+01,5.699484681215838400e-01,-3.502377928423223985e-02,-2.103393996878066274e-01
1.372500000000000142e+01,5.690242321378239376e-01,-3.733233999677597337e-02,-2.242293713103733210e-01
1.375000000000000000e+01,5.678122011735317054e-01,-3.972490112014265967e-02,-2.385911495324851139e-01
1.377500000000000036e+01,5.663999790532509016e-01,-4.214246117586388507e-02,-2.531347598201744709e-01
1.380000000000000071e+01,5.648771030039558827e-01,-4.454096566843671057e-02,-2.676633494374118238e-01
1.382500000000000107e+01,5.633210869270737220e-01,-4.688821396333064939e-02,-2.820166098061709925e-01
1.385000000000000142e+01,5.617265309874583945e-01,-4.921081457235594592e-02,-2.962568818516431723e-01
1.387500000000000000e+01,5.601033249726380392e-01,-5.152277104526175461e-02,-3.104091546525248879e-01
1.390000000000000036e+01,5.584634257327688589e-01,-5.383196165457564825e-02,-3.244851532312961750e-01
1.392500000000000071e+01,5.568166163237684430e-01,-5.614222093723596901e-02,-3.384805844582929879e-01
1.395000000000000107e+01,5.519312417405670690e-01,-5.825785058316029774e-02,-3.492374000983817783e-01
1.397500000000000142e+01,5.481143061573126030e-01,-6.109920828182632130e-02,-3.671898866679337292e-01
1.400000000000000000e+01,5.449179008110102140e-01,-6.360783314182934245e-02,-3.828946977883135872e-01
1.402500000000000036e+01,5.423476541812827234e-01,-6.580978057337791287e-02,-3.965401627253939409e-01
1.405000000000000071e+01,5.402931830335679919e-01,-6.791322864922297309e-02,-4.093268199212897196e-01
1.407500000000000107e+01,5.385534094053198162e-01,-7.004146748143083578e-02,-4.221568635621201215e-01
1.410000000000000142e+01,5.370259503549296154e-01,-7.222613945321094964e-02,-4.352443249341167442e-01
1.412500000000000000e+01,5.356578477143130179e-01,-7.445765856321572007e-02,-4.485543147358969085e-01
1.415000000000000036e+01,5.344018668507395375e-01,-7.671217476636063570e-02,-4.619995321232893137e-01
1.417500000000000071e+01,5.301072826807846639e-01,-7.862011128969260965e-02,-4.704716241255171294e-01
1.420000000000000107e+01,5.267351560857265191e-01,-8.141540735817237584e-02,-4.894676538961058032e-01
1.422500000000000142e+01,5.239227369168271142e-01,-8.396549310508480413e-02,-5.052539588833196982e-01
1.425000000000000000e+01,5.218568536955222603e-01,-8.614667835669637119e-02,-5.184574279010377706e-01
1.427500000000000036e+01,5.204010702037283886e-01,-8.816553993113307452e-02,-5.306962747854203633e-01
1.430000000000000071e+01,5.192972433879784466e-01,-9.015021209845311412e-02,-5.427625830084429337e-01
1.432500000000000107e+01,5.152708690181958540e-01,-9.174371404725205348e-02,-5.495395971249763534e-01
1.435000000000000142e+01,5.124497224962005770e-01,-9.431772730218739020e-02,-5.675621916137414402e-01
1.437500000000000000e+01,5.101107191936136154e-01,-9.660009894536225605e-02,-5.817651443119467025e-01
1.440000000000000036e+01,5.085619811633609322e-01,-9.853107882607686774e-02,-5.936132284306634421e-01
1.442500000000000071e+01,5.077050748706305461e-01,-1.003013394160755245e-01,-6.046545741132994811e-01
1.445000000000000107e+01,5.072733046081853159e-01,-1.020528476522187811e-01,-6.155380897994121581e-01
1.447500000000000142e+01,5.038519023711168776e-01,-1.033084438320746867e-01,-6.206809278133459395e-01
1.450000000000000000e+01,5.018325028585048919e-01,-1.056909286872228237e-01,-6.375159691280483099e-01
1.452500000000000036e+01,5.002361835394854017e-01,-1.077078451090710265e-01,-6.501038976634746502e-01
1.455000000000000071e+01,4.993875396985283377e-01,-1.093981944702776821e-01,-6.605331757296947215e-01
1.457500000000000107e+01,4.992158976349921340e-01,-1.109356265216132065e-01,-6.702522148930658563e-01
1.460000000000000142e+01,4.994767024134114108e-01,-1.124437768681025990e-01,-6.798068369253569276e-01
1.462500000000000000e+01,4.966649781825849264e-01,-1.133309512384784862e-01,-6.834358089380178081e-01
1.465000000000000036e+01,4.954543265576918931e-01,-1.153920480166233664e-01,-6.980115848640084941e-01
1.467500000000000071e+01,4.946398314387548401e-01,-1.170743757095862314e-01,-7.086058626559065265e-01
1.470000000000000107e+01,4.943789311755699689e-01,-1.184479001201030751e-01,-7.171047671811945357e-01
1.472500000000000142e+01,4.947532162385668286e-01,-1.196792946827433674e-01,-7.252086472828314090e-01
1.475000000000000000e+01,4.957049018767523685e-01,-1.208882782057195404e-01,-7.335399151824835151e-01
1.477500000000000036e+01,4.971143366460946678e-01,-1.220239020979674294e-01,-7.414802892859873040e-01
1.480000000000000071e+01,4.962319070055671855e-01,-1.225114687178032180e-01,-7.457952181123300717e-01
1.482500000000000107e+01,4.958149992402595685e-01,-1.229053110384892150e-01,-7.495198680464200125e-01
1.485000000000000142e+01,4.962215588083769835e-01,-1.233511311631965562e-01,-7.533482858186012487e-01
1.487500000000000000e+01,4.972662528589622544e-01,-1.238348597159290299e-01,-7.572692034547949813e-01
1.490000000000000036e+01,4.987385272725846086e-01,-1.243282440321042820e-01,-7.611995964238217338e-01
1.492500000000000071e+01,5.004065837343470990e-01,-1.248128206796015327e-01,-7.652301847989279038e-01
1.495000000000000107e+01,5.022150028047569492e-01,-1.253087262573298610e-01,-7.693536523143400530e-01
1.497500000000000142e+01,5.041424327731778288e-01,-1.258199605040604685e-01,-7.735076028011904636e-01
1.500000000000000000e+01,5.061411579503359848e-01,-1.263355116335103667e-01,-7.776426734020569498e-01
1.502500000000000036e+01,5.056751101818662830e-01,-1.263346741438200749e-01,-7.789045486794688999e-01
1.505000000000000071e+01,5.054198838444166064e-01,-1.263689017328132325e-01,-7.800706825961758462e-01
1.507500000000000107e+01,5.058695682463486554e-01,-1.265707949253021825e-01,-7.818370098297183768e-01
1.510000000000000142e+01,5.069130952992667583e-01,-1.269188764477088560e-01,-7.840959585729838643e-01
1.512500000000000000e+01,5.083651381051722540e-01,-1.273563837285328348e-01,-7.866810964808733653e-01
1.515000000000000036e+01,5.100718965830455254e-01,-1.278381117496994179e-01,-7.895014830457521837e-01
1.517500000000000071e+01,5.119295905004024316e-01,-1.283475482935080847e-01,-7.924744762368236550e-01
1.520000000000000107e+01,5.138712336255596425e-01,-1.288796661009772304e-01,-7.955216803154386840e-01
1.522500000000000142e+01,5.158555443034396060e-01,-1.294429155695792644e-01,-7.985350572625184995e-01
1.525000000000000000e+01,5.178438941928726891e-01,-1.300105106596713134e-01,-8.015374051715995485e-01
1.527500000000000036e+01,5.200644452108565963e-01,-1.302827611286854759e-01,-8.032628652987657825e-01
1.530000000000000071e+01,5.222252945690394332e-01,-1.305176958028183010e-01,-8.047048718208044127e-01
1.532500000000000107e+01,5.240584076617295084e-01,-1.310546061481711877e-01,-8.069878997797570452e-01
1.535000000000000142e+01,5.257183087725320059e-01,-1.317614078745520667e-01,-8.097450301172667286e-01
1.537500000000000000e+01,5.279798608973366170e-01,-1.317445760628284668e-01,-8.101834020085062482e-01
1.540000000000000036e+01,5.293712125535758872e-01,-1.327809792837006120e-01,-8.145186397621084762e-01
1.542500000000000071e+01,5.316520983759043251e-01,-1.327443796706342105e-01,-8.154640806009284537e-01
1.545000000000000107e+01,5.333759184478533699e-01,-1.331932246315427060e-01,-8.174488205405825436e-01
1.547500000000000142e+01,5.352943435537765859e-01,-1.334739257846048188e-01,-8.188026503733366601e-01
1.550000000000000000e+01,5.377035130887144465e-01,-1.328984815004976838e-01,-8.165855761170224270e-01
1.552500000000000036e+01,5.400393546037213222e-01,-1.318388786098392274e-01,-8.113979201322977231e-01
1.555000000000000071e+01,5.422195256973282307e-01,-1.304976780909782030e-01,-8.043264423064425683e-01
1.557500000000000107e+01,5.443114841814994387e-01,-1.290126686895377572e-01,-7.961837604976227389e-01
1.560000000000000142e+01,5.463662802208946179e-01,-1.274525774022385316e-01,-7.873971581343781612e-01
1.562500000000000000e+01,5.515027305017250470e-01,-1.263519865598669856e-01,-7.830413576498232997e-01
1.565000000000000036e+01,5.557383878681959599e-01,-1.242222359234745888e-01,-7.695546537565643996e-01
1.567500000000000071e+01,5.590466539933417467e-01,-1.224600064917615305e-01,-7.587823273939389157e-01
1.570000000000000107e+01,5.615973953628413673e-01,-1.208600042697013932e-01,-7.492212147003070033e-01
1.572500000000000142e+01,5.635999534392194255e-01,-1.192502141837772922e-01,-7.397780063485539515e-01
1.575000000000000000e+01,5.651829233685989884e-01,-1.175641369751848769e-01,-7.300495066710220859e-01
1.577500000000000036e+01,5.664461781276929342e-01,-1.157988608334731689e-01,-7.199268324820916609e-01
1.580000000000000071e+01,5.674710903484512237e-01,-1.139726814217223022e-01,-7.094371144519975303e-01
1.582500000000000107e+01,5.714616746411316228e-01,-1.125016218663346113e-01,-7.027600086520963130e-01
1.585000000000000142e+01,5.744669030512722374e-01,-1.102013793355517968e-01,-6.883658677282161742e-01
1.587500000000000000e+01,5.765430399206236123e-01,-1.082386339837611844e-01,-6.763478302773853201e-01
1.590000000000000036e+01,5.779102421098940567e-01,-1.064468228046604875e-01,-6.655375304515450674e-01
1.592500000000000071e+01,5.787672938392511846e-01,-1.046855146338460107e-01,-6.550311470601797303e-01
1.595000000000000107e+01,5.792404631686491889e-01,-1.029076142606316080e-01,-6.444802291228627356e-01
1.597500000000000142e+01,5.825934419369346307e-01,-1.014327554595812336e-01,-6.373315701388376775e-01
1.600000000000000000e+01,5.848828797961134196e-01,-9.927087733396058877e-02,-6.236275133222490830e-01
1.602500000000000213e+01,5.862391658347103629e-01,-9.738894425581802461e-02,-6.119398517155186790e-01
1.605000000000000071e+01,5.869092142322943628e-01,-9.566304113545048837e-02,-6.013714580862405956e-01
1.607499999999999929e+01,5.870865754565306460e-01,-9.398159361645540277e-02,-5.911823374465415837e-01
1.610000000000000142e+01,5.900550285356910285e-01,-9.257697447232809962e-02,-5.840724810590902649e-01
1.612500000000000000e+01,5.919181747993513820e-01,-9.061427786178942456e-02,-5.716518168567368274e-01
1.615000000000000213e+01,5.928178064790062818e-01,-8.887597295629086347e-02,-5.608715035021673012e-01
1.617500000000000071e+01,5.930277293855420462e-01,-8.726713244325352836e-02,-5.510161700089930559e-01
1.619999999999999929e+01,5.958683541070920464e-01,-8.592904882869850658e-02,-5.440033505900669919e-01
1.622500000000000142e+01,5.975740553058147553e-01,-8.416947933007112859e-02,-5.328573752367734562e-01
1.625000000000000000e+01,5.982116066993150572e-01,-8.258952708318362257e-02,-5.229382364928150118e-01
1.627500000000000213e+01,6.011662583663441861e-01,-8.128633382899845550e-02,-5.158310737096227783e-01
1.630000000000000071e+01,6.028971271686908162e-01,-7.966115259691881889e-02,-5.054451264275445777e-01
1.632499999999999929e+01,6.034284268740759405e-01,-7.818669628676123973e-02,-4.960843268353998803e-01
1.635000000000000142e+01,6.031026643249037811e-01,-7.679147811279569968e-02,-4.872540496762989282e-01
1.637500000000000000e+01,6.052379212049759927e-01,-7.559480478013376470e-02,-4.805337665969015015e-01
1.640000000000000213e+01,6.063093452705461406e-01,-7.412977357453123806e-02,-4.711307834788410198e-01
1.642500000000000071e+01,6.063067521547333971e-01,-7.272905345912804298e-02,-4.620967026807867861e-01
1.644999999999999929e+01,6.086063968046208084e-01,-7.158016114808252173e-02,-4.555390775713457630e-01
1.647500000000000142e+01,6.097000873489876183e-01,-7.017650298748323578e-02,-4.463649274016288082e-01
1.650000000000000000e+01,6.096664634348278877e-01,-6.881779290171560759e-02,-4.376148710882068471e-01
1.652500000000000213e+01,6.118431657250599232e-01,-6.773926410265342091e-02,-4.315030288901759992e-01
1.655000000000000071e+01,6.128099005309836089e-01,-6.643734125082881303e-02,-4.230402765474725046e-01
1.657499999999999929e+01,6.126166121342687676e-01,-6.514702892526087752e-02,-4.148541175678183701e-01
1.660000000000000142e+01,6.115682718211984392e-01,-6.389369028249820837e-02,-4.069811504253404433e-01
1.662500000000000000e+01,6.129074503747213853e-01,-6.294007032436332860e-02,-4.015837600421170994e-01
1.665000000000000213e+01,6.133486147825316648e-01,-6.183539425126125672e-02,-3.943048443029100736e-01
1.667500000000000071e+01,6.127213027343105800e-01,-6.070244259786160279e-02,-3.869296919576146188e-01
1.669999999999999929e+01,6.142948711156147601e-01,-5.984084636515604738e-02,-3.819087722108846505e-01
1.672500000000000142e+01,6.148485542779269508e-01,-5.882423026003844729e-02,-3.751431907592817638e-01
1.675000000000000000e+01,6.142427474687718325e-01,-5.778846055396173048e-02,-3.683255169319751832e-01
1.677500000000000213e+01,6.157878305507722416e-01,-5.702587451942577740e-02,-3.638357278384882210e-01
1.680000000000000071e+01,6.162602887365048465e-01,-5.611360148462722630e-02,-3.576856512455409698e-01
1.682499999999999929e+01,6.155495733791729318e-01,-5.519324096279513980e-02,-3.515536786151353121e-01
1.685000000000000142e+01,6.169832769645687831e-01,-5.454523776497190862e-02,-3.477441584015577569e-01
1.687500000000000000e+01,6.173367889953218501e-01,-5.375759846593197028e-02,-3.423477876356257887e-01
1.690000000000000213e+01,6.165067304265042791e-01,-5.297034427337263957e-02,-3.370229366477103250e-01
1.692500000000000071e+01,6.178272888677798225e-01,-5.245283135804846425e-02,-3.340105097567605541e-01
1.694999999999999929e+01,6.180709485766329170e-01,-5.180264583577411791e-02,-3.294564508874919806e-01
1.697500000000000142e+01,6.171362944687437402e-01,-5.115832275875276808e-02,-3.250063705314746310e-01
1.700000000000000000e+01,6.183600548534171626e-01,-5.078017333907567515e-02,-3.228527291026896950e-01
1.702500000000000213e+01,6.185054162969787495e-01,-5.028414140349646982e-02,-3.192518292028954652e-01
1.705000000000000071e+01,6.174731509372646254e-01,-4.981154374746883662e-02,-3.158578141874430201e-01
1.707499999999999929e+01,6.156263456874189188e-01,-4.939556511070325451e-02,-3.128686300228080142e-01
1.710000000000000142e+01,6.162618350749656804e-01,-4.922117149150849469e-02,-3.119901126684841430e-01
1.712500000000000000e+01,6.160225706651535349e-01,-4.893932830824299779e-02,-3.097579818502350646e-01
1.715000000000000213e+01,6.147587214789044241e-01,-4.866376019561041016e-02,-3.076289216619056410e-01
1.717500000000000071e+01,6.157886302588680971e-01,-4.861611585723025347e-02,-3.075419105848038459e-01
1.719999999999999929e+01,6.157975372169389727e-01,-4.845254652483072660e-02,-3.060478544929955969e-01
1.722500000000000142e+01,6.146897707447825931e-01,-4.829664750865370060e-02,-3.046542832033505843e-01
1.725000000000000000e+01,6.128040899827201793e-01,-4.818891534546631411e-02,-3.036162813927582582e-01
1.727500000000000213e+01,6.134227998598199560e-01,-4.831287759413422506e-02,-3.046539703970443380e-01
1.730000000000000071e+01,6.131891364171886405e-01,-4.832412767137973797e-02,-3.042637565399596844e-01
1.732499999999999929e+01,6.119405061703692139e-01,-4.833582769203465662e-02,-3.039350803797810641e-01
1.735000000000000142e+01,6.099844038258419587e-01,-4.838849570373959103e-02,-3.039260876680557888e-01
1.737500000000000000e+01,6.105879286770349301e-01,-4.867220914219374389e-02,-3.059992499015983802e-01
1.740000000000000213e+01,6.103726930415966923e-01,-4.883301751797235885e-02,-3.065696452590777055e-01
1.742500000000000071e+01,6.091665563266633887e-01,-4.898878207896885384e-02,-3.071651998855558507e-01
1.744999999999999929e+01,6.072678535390653165e-01,-4.918160360634271644e-02,-3.080539931551759536e-01
1.747500000000000142e+01,6.079309309767565450e-01,-4.960427412385588070e-02,-3.111181549275274794e-01
1.750000000000000000e+01,6.077862058349695618e-01,-4.989822227439835028e-02,-3.125266979660874522e-01
1.752500000000000213e+01,6.066353225852341158e-01,-5.017977141839696092e-02,-3.139972020346628034e-01
1.755000000000000071e+01,6.048316351062108520e-01,-5.051920367381637633e-02,-3.158915270672168485e-01
1.757499999999999929e+01,6.025987554582029615e-01,-5.090351292805986305e-02,-3.181166497384136371e-01
1.760000000000000142e+01,6.030522273218543727e-01,-5.149606736521602363e-02,-3.222634041877275868e-01
1.762500000000000000e+01,6.028477956279063577e-01,-5.198582335627945777e-02,-3.250260844705332719e-01
1.765000000000000213e+01,6.017738685664794085e-01,-5.246629460962814323e-02,-3.277540333584939014e-01
1.767500000000000071e+01,6.000524031638744260e-01,-5.297919422627305613e-02,-3.307424183499150239e-01
1.769999999999999929e+01,5.979088018235798607e-01,-5.353500906404288356e-02,-3.340222607306889691e-01
1.772500000000000142e+01,5.955167763675726089e-01,-5.413174492973423652e-02,-3.375735968105690876e-01
1.775000000000000000e+01,5.929959347663165126e-01,-5.476397151063865792e-02,-3.413643816960553190e-01
1.777500000000000213e+01,5.933387902441291661e-01,-5.563160133161057508e-02,-3.472794713593816973e-01
1.780000000000000071e+01,5.932322053984718790e-01,-5.634841609080348118e-02,-3.514415631862313760e-01
1.782499999999999929e+01,5.923516130568229343e-01,-5.702328462463568393e-02,-3.554088071762563916e-01
1.785000000000000142e+01,5.908781203591685349e-01,-5.771137912227946448e-02,-3.595407139012397613e-01
1.787500000000000000e+01,5.890150535768376994e-01,-5.843027201506153373e-02,-3.638981835473326099e-01
1.790000000000000213e+01,5.869222066664732118e-01,-5.918130256763626251e-02,-3.684768574838030997e-01
1.792500000000000071e+01,5.847116358225815658e-01,-5.996191665182805386e-02,-3.732583300297598328e-01
1.794999999999999929e+01,5.824581608667389609e-01,-6.077087728273895817e-02,-3.782310747485386759e-01
1.797500000000000142e+01,5.802147699845757733e-01,-6.160694281709042097e-02,-3.833834586436473124e-01
1.800000000000000000e+01,5.809297191499251944e-01,-6.271211191046011102e-02,-3.908216057209831229e-01
1.802500000000000213e+01,5.812461153557768601e-01,-6.361012340199026505e-02,-3.961598053064361857e-01
1.805000000000000071e+01,5.808203758866655741e-01,-6.443939048182541207e-02,-4.011650286087555806e-01
1.807499999999999929e+01,5.798192707651230737e-01,-6.526993645336409688e-02,-4.062468500176617536e-01
1.810000000000000142e+01,5.784180402406414734e-01,-6.612668485143616270e-02,-4.114808785689423321e-01
1.812500000000000000e+01,5.767673222556028989e-01,-6.701531234009898419e-02,-4.168903668607807367e-01
1.815000000000000213e+01,5.749982709572346584e-01,-6.793420086019502646e-02,-4.224930875926191098e-01
1.817500000000000071e+01,5.731853532173747379e-01,-6.887507051544020098e-02,-4.282363520627333608e-01
1.819999999999999929e+01,5.713762809806177678e-01,-6.982813540604405900e-02,-4.340577823180649109e-01
1.822500000000000142e+01,5.696017648090583307e-01,-7.078475287899502200e-02,-4.399035828913862023e-01
1.825000000000000000e+01,5.678819492117901380e-01,-7.173882438371556591e-02,-4.457361348075522534e-01
1.827500000000000213e+01,5.662355968132618544e-01,-7.268578628147927267e-02,-4.515209231196360973e-01
1.830000000000000071e+01,5.646791315458116189e-01,-7.362161064956966594e-02,-4.572279318443591145e-01
1.832499999999999929e+01,5.632035461368061213e-01,-7.454640868127958286e-02,-4.628697685107948101e-01
1.835000000000000142e+01,5.618036702056191656e-01,-7.546001535704806307e-02,-4.684471107868354300e-01
1.837500000000000000e+01,5.604784838890999321e-01,-7.636184450903264753e-02,-4.739558889607008996e-01
1.840000000000000213e+01,5.592275045468618755e-01,-7.725145140974154501e-02,-4.793919355234192436e-01
1.842500000000000071e+01,5.580493011727888364e-01,-7.812869542805417344e-02,-4.847524019427688069e-01
1.844999999999999929e+01,5.598581822849161282e-01,-7.934025454194947036e-02,-4.925489905972748050e-01
1.847500000000000142e+01,5.612612810466381941e-01,-8.025797223315712936e-02,-4.980047832790979734e-01
1.850000000000000000e+01,5.618974996834099622e-01,-8.106178814393494303e-02,-5.028945091192985606e-01
1.852500000000000213e+01,5.619315328794496356e-01,-8.183546225525177575e-02,-5.076469632243174601e-01
1.855000000000000071e+01,5.615562162021404680e-01,-8.260360886017185933e-02,-5.123512520441244611e-01
1.857499999999999929e+01,5.609573763076068920e-01,-8.336878209537845752e-02,-5.170636600179645548e-01
1.860000000000000142e+01,5.602368677786180307e-01,-8.411172187068731432e-02,-5.216887685650751783e-01
1.862500000000000000e+01,5.594262255277924201e-01,-8.482510873383541927e-02,-5.261469851135802678e-01
1.865000000000000213e+01,5.585626606540614603e-01,-8.551304265648185243e-02,-5.304320964203875777e-01
1.867500000000000071e+01,5.576799591122522104e-01,-8.617601016317717744e-02,-5.345396532611728091e-01
1.869999999999999929e+01,5.568030188998781549e-01,-8.681269079455324056e-02,-5.384647378013578400e-01
1.872500000000000142e+01,5.559476557220146553e-01,-8.742260135111205865e-02,-5.422064113570653765e-01
1.875000000000000000e+01,5.551233892048318408e-01,-8.800639607519150642e-02,-5.457689286290490216e-01
1.877500000000000213e+01,5.543356343828431676e-01,-8.856522232437956388e-02,-5.491594813200434411e-01
1.880000000000000071e+01,5.535868792306335440e-01,-8.910034745732939299e-02,-5.523861788397348427e-01
1.882499999999999929e+01,5.528775230067780599e-01,-8.961337201898866844e-02,-5.554582542029351533e-01
1.885000000000000142e+01,5.522117550697785981e-01,-9.011831978366693918e-02,-5.583533304138662556e-01
1.887500000000000000e+01,5.515834767997315202e-01,-9.060647060240459294e-02,-5.610905164482079543e-01
1.890000000000000213e+01,5.509783187323016307e-01,-9.107860077347204597e-02,-5.637277357276745393e-01
1.892500000000000071e+01,5.503678162405502006e-01,-9.155451150953330952e-02,-5.664053077618800280e-01
1.894999999999999929e+01,5.497888396028168811e-01,-9.203405253575457079e-02,-5.690566611622854820e-01
1.897500000000000142e+01,5.492481290324643384e-01,-9.251177725276693575e-02,-5.716466155163621998e-01
1.900000000000000000e+01,5.487459682848057074e-01,-9.299671450679955487e-02,-5.741177219759679984e-01
1.902500000000000213e+01,5.482701693539794308e-01,-9.348012771898869810e-02,-5.765256835506924471e-01
1.905000000000000071e+01,5.506798500053159406e-01,-9.439633496253627132e-02,-5.819643981595721272e-01
1.907499999999999929e+01,5.527445692196262250e-01,-9.496574433271065541e-02,-5.847002043642409719e-01
1.910000000000000142e+01,5.539761799030276102e-01,-9.540116286113611843e-02,-5.867558844422378073e-01
1.912500000000000000e+01,5.545384130946583445e-01,-9.580450800848919202e-02,-5.886672867883885329e-01
1.915000000000000213e+01,5.546385023634042843e-01,-9.621088576276504156e-02,-5.905860255222833421e-01
1.917500000000000071e+01,5.544251950081637847e-01,-9.662955674532314188e-02,-5.925557648420515244e-01
1.920000000000000284e+01,5.540009499732800879e-01,-9.706181769992018593e-02,-5.945875704540145579e-01
1.922500000000000142e+01,5.534378709907651350e-01,-9.750748592556675309e-02,-5.966831713526217218e-01
1.925000000000000000e+01,5.527860703881545268e-01,-9.796622646731184547e-02,-5.988408418232595842e-01
1.927500000000000213e+01,5.520795972583105726e-01,-9.843786715957913991e-02,-6.010584781245486008e-01
1.930000000000000071e+01,5.513411285617141333e-01,-9.892256583180131235e-02,-6.033352788537362787e-01
1.932500000000000284e+01,5.505865629185234811e-01,-9.942019735278793957e-02,-6.056726703212307328e-01
1.935000000000000142e+01,5.498396304025990888e-01,-9.992325772833172970e-02,-6.080896331689293888e-01
1.937500000000000000e+01,5.490881895245376398e-01,-1.004402808632680888e-01,-6.105981125622016448e-01
1.940000000000000213e+01,5.483383100541722177e-01,-1.009944535046643083e-01,-6.132946904467464488e-01
1.942500000000000071e+01,5.475927356367524812e-01,-1.015919148329572919e-01,-6.162027037049226941e-01
1.945000000000000284e+01,5.468439152904132072e-01,-1.022172501793052607e-01,-6.192531712413297251e-01
1.947500000000000142e+01,5.460898624937814416e-01,-1.028647499340928917e-01,-6.224262273565526193e-01
1.950000000000000000e+01,5.453309424664911642e-01,-1.035336042296766679e-01,-6.257198986582706013e-01
1.952500000000000213e+01,5.445677020032220206e-01,-1.042254468876573359e-01,-6.291399307908220884e-01
1.955000000000000071e+01,5.438037309465273417e-01,-1.049428026507703560e-01,-6.326971640877605552e-01
1.957500000000000284e+01,5.459321733575324131e-01,-1.060549449295397489e-01,-6.398581968290867339e-01
1.960000000000000142e+01,5.477506680616689438e-01,-1.069147301475216749e-01,-6.444354157809348838e-01
1.962500000000000000e+01,5.486932047904538035e-01,-1.076819134453235877e-01,-6.484999364492234353e-01
1.965000000000000213e+01,5.489466984993524035e-01,-1.084351303004505440e-01,-6.526297133862616340e-01
1.967500000000000071e+01,5.487385548791000600e-01,-1.092041929263124350e-01,-6.569906940192880018e-01
1.970000000000000284e+01,5.482217797908952583e-01,-1.100081615757873971e-01,-6.616387424144732909e-01
1.972500000000000142e+01,5.474913668018731583e-01,-1.108518276241543810e-01,-6.665512122162506881e-01
1.975000000000000000e+01,5.466163750287068579e-01,-1.117035784865614001e-01,-6.715527833938944591e-01
1.977500000000000213e+01,5.456332834860874170e-01,-1.125244866610648486e-01,-6.766003903756490079e-01
1.980000000000000071e+01,5.446601238662566180e-01,-1.133801924808371941e-01,-6.819086577848590958e-01
1.982500000000000284e+01,5.437214732115126514e-01,-1.142763388703204874e-01,-6.874512626426828588e-01
1.985000000000000142e+01,5.428337893758546917e-01,-1.152088253883193913e-01,-6.932153178909509217e-01
1.987500000000000000e+01,5.420101508099446352e-01,-1.161713580054581779e-01,-6.991833009770690444e-01
1.990000000000000213e+01,5.412834900628393786e-01,-1.171938031412878833e-01,-7.055516425099130906e-01
1.992500000000000071e+01,5.406559276771655265e-01,-1.182551746446401375e-01,-7.122292962149754381e-01
1.995000000000000284e+01,5.401032426301067835e-01,-1.193161002135663673e-01,-7.189810610756373066e-01
1.997500000000000142e+01,5.396162094022766142e-01,-1.203660605066925043e-01,-7.257232406511524569e-01
2.000000000000000000e+01,5.391968371784920944e-01,-1.213984774484396095e-01,-7.324075113956973748e-01
2.002500000000000213e+01,5.388510128005742361e-01,-1.224080931594227900e-01,-7.390013005367059851e-01
2.005000000000000071e+01,5.414184545029087081e-01,-1.239126720049813224e-01,-7.496422320738370670e-01
2.007500000000000284e+01,5.436230744983953089e-01,-1.250113704027490114e-01,-7.564102183012484382e-01
2.010000000000000142e+01,5.451604674810149875e-01,-1.259028238522618137e-01,-7.622336317597078192e-01
2.012500000000000000e+01,5.461329929902521974e-01,-1.267183916779952846e-01,-7.678295377532210475e-01
2.015000000000000213e+01,5.466951806272959402e-01,-1.275143316563925877e-01,-7.733606220608114645e-01
2.017500000000000071e+01,5.469957013669785040e-01,-1.282986619059330036e-01,-7.788426580802123578e-01
2.020000000000000284e+01,5.471493921865294707e-01,-1.290645380741163584e-01,-7.842447601050464012e-01
2.022500000000000142e+01,5.472366925764160506e-01,-1.298037205710163011e-01,-7.895223038255200221e-01
2.025000000000000000e+01,5.473133182742198066e-01,-1.305084338452518200e-01,-7.946260974979696412e-01
2.027500000000000213e+01,5.474175408949892851e-01,-1.311708011881842495e-01,-7.995072171211357048e-01
2.030000000000000071e+01,5.475584010522389633e-01,-1.317761684026796942e-01,-8.040556588222496082e-01
2.032500000000000284e+01,5.503652365910139954e-01,-1.327999481164213180e-01,-8.118635631514594664e-01
2.035000000000000142e+01,5.529647653611678981e-01,-1.333843853891623354e-01,-8.160033092697993595e-01
2.037500000000000000e+01,5.550630229280644201e-01,-1.338060125286257007e-01,-8.194870814489287891e-01
2.040000000000000213e+01,5.566960273439557350e-01,-1.341179685210009132e-01,-8.225073119780769160e-01
2.042500000000000071e+01,5.579271336470239540e-01,-1.343435179329669493e-01,-8.251205514753325865e-01
2.045000000000000284e+01,5.588606033894856218e-01,-1.344869004825108849e-01,-8.273092110050311865e-01
2.047500000000000142e+01,5.596023311691545876e-01,-1.345432183146169081e-01,-8.290332747183107864e-01
2.050000000000000000e+01,5.629642188950403359e-01,-1.350424320863936323e-01,-8.342714395950431294e-01
2.052500000000000213e+01,5.658647203814219928e-01,-1.350425268247819055e-01,-8.357343100674907710e-01
2.055000000000000071e+01,5.679945972780160446e-01,-1.348073939149541378e-01,-8.358732704707855232e-01
2.057500000000000284e+01,5.694993443074672923e-01,-1.344376156472552042e-01,-8.352826029217660375e-01
2.060000000000000142e+01,5.705676438926006178e-01,-1.339733201853124944e-01,-8.340735576697055897e-01
2.062500000000000000e+01,5.713497090250970745e-01,-1.334657493037161025e-01,-8.321629025814553104e-01
2.065000000000000213e+01,5.749760744649807798e-01,-1.334279703275514095e-01,-8.336701334257898832e-01
2.067500000000000071e+01,5.777711767846573920e-01,-1.326107634228159970e-01,-8.288710700959289746e-01
2.070000000000000284e+01,5.798125772234167252e-01,-1.317515659318846399e-01,-8.240306244149512294e-01
2.072500000000000142e+01,5.812283548496686159e-01,-1.308430739198324921e-01,-8.189738989097394839e-01
2.075000000000000000e+01,5.854564295208148916e-01,-1.304089017783952309e-01,-8.181113506728051599e-01
2.077500000000000213e+01,5.881927119981237295e-01,-1.288695548550723435e-01,-8.085719162294990880e-01
2.080000000000000071e+01,5.900888491780563738e-01,-1.275266582690105788e-01,-8.006400171815193367e-01
2.082500000000000284e+01,5.912896881613801670e-01,-1.262364496514893630e-01,-7.931563254557292275e-01
2.085000000000000142e+01,5.951966715465092372e-01,-1.253681473513724165e-01,-7.896416345586384500e-01
2.087500000000000000e+01,5.976755954624433098e-01,-1.234557984448664686e-01,-7.776155533771559325e-01
2.090000000000000213e+01,5.992027703016833406e-01,-1.217782958794952075e-01,-7.675073494518870332e-01
2.092500000000000071e+01,5.999639139130628074e-01,-1.201815531404546583e-01,-7.580562486240738362e-01
2.095000000000000284e+01,6.033537667370315605e-01,-1.189641981931777726e-01,-7.523301072406067824e-01
2.097500000000000142e+01,6.053938138153910353e-01,-1.167897896442875172e-01,-7.385279630167600473e-01
2.100000000000000000e+01,6.064495814189206913e-01,-1.148499039413184153e-01,-7.266835587979417754e-01
2.102500000000000213e+01,6.098804907993878865e-01,-1.133889646502906356e-01,-7.192810320812662583e-01
2.105000000000000071e+01,6.118676146861263820e-01,-1.111196388576371624e-01,-7.045968246110123623e-01
2.107500000000000284e+01,6.127266706381556682e-01,-1.091034495753810674e-01,-6.919967180830718378e-01
2.110000000000000142e+01,6.127148897485011902e-01,-1.071917302047001586e-01,-6.802444933044886621e-01
2.112500000000000000e+01,6.152315109524189030e-01,-1.055910994039170464e-01,-6.718583888450165853e-01
2.115000000000000213e+01,6.164585052784427033e-01,-1.032480470846680043e-01,-6.565977584559665736e-01
2.117500000000000071e+01,6.166487904980104684e-01,-1.011052994881865980e-01,-6.431518731122407573e-01
2.120000000000000284e+01,6.191789042738080617e-01,-9.936684796391770380e-02,-6.337460345407976980e-01
2.122500000000000142e+01,6.203322566170296204e-01,-9.703299196777881441e-02,-6.184536479723620195e-01
2.125000000000000000e+01,6.203335387680076751e-01,-9.491887131819187751e-02,-6.051195903528461262e-01
2.127500000000000213e+01,6.226055025164819456e-01,-9.319622733784665991e-02,-5.956394200536310191e-01
2.130000000000000071e+01,6.234770267900288099e-01,-9.096313477589207386e-02,-5.809723938575908075e-01
2.132500000000000284e+01,6.231750797541240061e-01,-8.892687590877737525e-02,-5.680943653647703151e-01
2.135000000000000142e+01,6.251315311382593665e-01,-8.724910723188475381e-02,-5.586999023218647276e-01
2.137500000000000000e+01,6.257161699213191763e-01,-8.514406803973489923e-02,-5.448373997061988216e-01
2.140000000000000213e+01,6.251303586033085669e-01,-8.321445329720220108e-02,-5.325628405933515719e-01
2.142500000000000071e+01,6.267976945374650333e-01,-8.161521513912914361e-02,-5.233867692972117291e-01
2.145000000000000284e+01,6.271471852120104051e-01,-7.966843316175933887e-02,-5.105205220649068343e-01
2.147500000000000142e+01,6.263373840202538512e-01,-7.787112336087276265e-02,-4.989811912042397823e-01
2.150000000000000000e+01,6.277727195013834693e-01,-7.637942568740103966e-02,-4.901761046014677659e-01
2.152500000000000213e+01,6.279492017516369318e-01,-7.461134612703666791e-02,-4.784351370076538879e-01
2.155000000000000071e+01,6.269827922982337265e-01,-7.295475841193399535e-02,-4.677180524735801148e-01
2.157500000000000284e+01,6.252125819273740559e-01,-7.138211520168723234e-02,-4.576369162012881575e-01
2.160000000000000142e+01,6.259206653127080688e-01,-7.008821548129288981e-02,-4.496628245363093468e-01
2.162500000000000000e+01,6.256745683373481359e-01,-6.857399626738651388e-02,-4.396479184147199515e-01
2.165000000000000213e+01,6.244366664446405757e-01,-6.710846023910875535e-02,-4.301650629381407742e-01
2.167500000000000071e+01,6.224926854737914406e-01,-6.570318527766520755e-02,-4.211572663959228247e-01
2.170000000000000284e+01,6.230738270238672660e-01,-6.455483350418068922e-02,-4.140368050894919771e-01
2.172500000000000142e+01,6.228147425882510912e-01,-6.326770991868703453e-02,-4.056592845224216703e-01
2.175000000000000000e+01,6.215839112514069953e-01,-6.200985330168938547e-02,-3.975301447921667508e-01
2.177500000000000213e+01,6.196667833554545535e-01,-6.081088392801550779e-02,-3.897481137962652831e-01
2.180000000000000071e+01,6.202635351697063371e-01,-5.983977966250179220e-02,-3.836231702602617699e-01
2.182500000000000284e+01,6.201037416750301290e-01,-5.877162201887686788e-02,-3.766085211170754898e-01
2.185000000000000142e+01,6.189516299194998128e-01,-5.770299149594421834e-02,-3.696350524513786207e-01
2.187500000000000000e+01,6.170943346178142663e-01,-5.666571273981421686e-02,-3.628624647109418566e-01
2.190000000000000213e+01,6.147899301496225766e-01,-5.565261787574620617e-02,-3.561885948368049837e-01
2.192500000000000071e+01,6.122428849699257380e-01,-5.466990097032441154e-02,-3.497216910960246339e-01
2.195000000000000284e+01,6.125837232011289712e-01,-5.393782473399554023e-02,-3.450629363443434849e-01
2.197500000000000142e+01,6.123072006907219755e-01,-5.305373513843102129e-02,-3.392219744733450115e-01
2.200000000000000000e+01,6.112070645272025260e-01,-5.214375268020864096e-02,-3.332878288674956946e-01
2.202500000000000213e+01,6.095287015591351887e-01,-5.125353126770040846e-02,-3.275027316262861254e-01
2.205000000000000071e+01,6.074911725076703739e-01,-5.039270560671988558e-02,-3.219273489989698533e-01
2.207500000000000284e+01,6.052506983550457464e-01,-4.956279534163157002e-02,-3.165621421401276225e-01
2.210000000000000142e+01,6.029156002339389753e-01,-4.876146181080597691e-02,-3.113909211208556460e-01
2.212500000000000000e+01,6.005601706267398310e-01,-4.798469053224500847e-02,-3.063897820176325615e-01
2.215000000000000213e+01,5.982345958883086290e-01,-4.722783601858936142e-02,-3.015309962810519551e-01
2.217500000000000071e+01,5.959719883384392292e-01,-4.648607049988484619e-02,-2.967852757213591541e-01
2.220000000000000284e+01,5.937934072853765510e-01,-4.575459620460947674e-02,-2.921230809417695307e-01
2.222500000000000142e+01,5.917114443836769544e-01,-4.502875327785466758e-02,-2.875153345821462314e-01
2.225000000000000000e+01,5.897327806963570396e-01,-4.430406755709482419e-02,-2.829337882508418112e-01
2.227500000000000213e+01,5.878600105001181575e-01,-4.357626388516246813e-02,-2.783512015855213462e-01
2.230000000000000071e+01,5.860929429222477838e-01,-4.284126348394250161e-02,-2.737414269126757782e-01
2.232500000000000284e+01,5.844295309768274826e-01,-4.209517652211110239e-02,-2.690794503746831712e-01
2.235000000000000142e+01,5.828665334936118381e-01,-4.133429501960701746e-02,-2.643414132213778300e-01
2.237500000000000000e+01,5.813999841340402597e-01,-4.055508746078868160e-02,-2.595046203177158173e-01
2.240000000000000213e+01,5.800255196321838502e-01,-3.975419445165671861e-02,-2.545475337790531478e-01
2.242500000000000071e+01,5.787385437989971404e-01,-3.892857799300020877e-02,-2.494506427721103203e-01
2.245000000000000284e+01,5.775298500444363548e-01,-3.808954482502146383e-02,-2.442898331258918643e-01
2.247500000000000142e+01,5.734127153082491102e-01,-3.704569358805766960e-02,-2.377708052691225316e-01
2.250000000000000000e+01,5.699918198710798301e-01,-3.605743612196950221e-02,-2.318626255022623039e-01
2.252500000000000213e+01,5.674941815480113450e-01,-3.508356092272271048e-02,-2.259851326423518159e-01
2.255000000000000071e+01,5.656914731279482078e-01,-3.409603293582899597e-02,-2.199914937590525532e-01
2.257500000000000284e+01,5.643836165390548887e-01,-3.308100552457107768e-02,-2.138260846317339980e-01
2.260000000000000142e+01,5.604552324446175904e-01,-3.188199477911966839e-02,-2.065335308593149455e-01
2.262500000000000000e+01,5.573841363832129359e-01,-3.071019005602251134e-02,-1.995322595831342527e-01
2.265000000000000213e+01,5.553451479383554323e-01,-2.953180357204268983e-02,-1.924230718574138077e-01
2.267500000000000071e+01,5.540705663403575620e-01,-2.831382203616780030e-02,-1.850545775868615295e-01
2.270000000000000284e+01,5.533214698079240712e-01,-2.703705012785446657e-02,-1.773335031473312895e-01
2.272500000000000142e+01,5.499562014915331254e-01,-2.556461725962090939e-02,-1.685073444727074043e-01
2.275000000000000000e+01,5.474338144013842777e-01,-2.406019666306352667e-02,-1.595038946109544331e-01
2.277500000000000213e+01,5.458148533597749763e-01,-2.250900667018312235e-02,-1.501125887786088353e-01
2.280000000000000071e+01,5.447450027391612659e-01,-2.090139700043366563e-02,-1.402962841963539820e-01
2.282500000000000284e+01,5.440483179151539561e-01,-1.924167663823895050e-02,-1.301029192465426587e-01
2.285000000000000142e+01,5.406019506489527782e-01,-1.742120220170912184e-02,-1.192252570066158063e-01
2.287500000000000000e+01,5.379079952248069230e-01,-1.555823894815815470e-02,-1.077317019883732158e-01
2.290000000000000213e+01,5.362171356331295602e-01,-1.369564776368569978e-02,-9.611038125840773438e-02
2.292500000000000071e+01,5.352730383209102216e-01,-1.183111368603411741e-02,-8.443064745644467128e-02
2.295000000000000284e+01,5.318476988503227920e-01,-9.851063189078320889e-03,-7.265079537201729609e-02
2.297500000000000142e+01,5.293438295500493274e-01,-7.803339452310281525e-03,-5.972234089088558628e-02
2.300000000000000000e+01,5.279446547142618851e-01,-5.782559221710458636e-03,-4.691271795103622161e-02
2.302500000000000213e+01,5.243663439594560272e-01,-3.701769280426896701e-03,-3.454593401652759216e-02
2.305000000000000071e+01,5.219338870086420723e-01,-1.527745801136306657e-03,-2.064268108397069104e-02
2.307500000000000284e+01,5.207332823005857980e-01,5.859242420926401339e-04,-7.113880022779293585e-03
2.310000000000000142e+01,5.204361558781215313e-01,2.652062465245319436e-03,6.032729168176726581e-03
2.312500000000000000e+01,5.207592379122174542e-01,4.709155401536734876e-03,1.903088686724998743e-02
2.315000000000000213e+01,5.184986413944387973e-01,6.809418658113084236e-03,3.124593115848596850e-02
2.317500000000000071e+01,5.171299648229342738e-01,9.158405520228266386e-03,4.630145995618750038e-02
2.320000000000000284e+01,5.167445460665406332e-01,1.142147373514843835e-02,6.080497072123473151e-02
2.322500000000000142e+01,5.170937539674758110e-01,1.360309656373928297e-02,7.469517045630047480e-02
2.325000000000000000e+01,5.179400415746053810e-01,1.575261722330044759e-02,8.827206600631809508e-02
2.327500000000000213e+01,5.160732186808515420e-01,1.784421893041170104e-02,1.002825525769145409e-01
2.330000000000000071e+01,5.151432882389039847e-01,2.035349925209453334e-02,1.164502504443234165e-01
2.332500000000000284e+01,5.150923377885405774e-01,2.272673919229063755e-02,1.317182182314806105e-01
2.335000000000000142e+01,5.157136706954221772e-01,2.497311345213728759e-02,1.460664466942414030e-01
2.337500000000000000e+01,5.168040363066713772e-01,2.717752831695613436e-02,1.600403008552533368e-01
2.340000000000000213e+01,5.181898549465886461e-01,2.938736974797204193e-02,1.739536883387791111e-01
2.342500000000000071e+01,5.197356955801099021e-01,3.162451987252730412e-02,1.879333420785469499e-01
2.345000000000000284e+01,5.213829155201326060e-01,3.390680678932112002e-02,2.020855724723007452e-01
2.347500000000000142e+01,5.230721229490665758e-01,3.622179879458148344e-02,2.163882548365768932e-01
2.350000000000000000e+01,5.247479622851993764e-01,3.854419418818276488e-02,2.307463679712868643e-01
2.352500000000000213e+01,5.263823967822938155e-01,4.085974948378238297e-02,2.450856436549609108e-01
2.355000000000000071e+01,5.279651912240771461e-01,4.316412130727364377e-02,2.593171163030729143e-01
2.357500000000000284e+01,5.294758580890417399e-01,4.543575291506356251e-02,2.733619281153469860e-01
2.360000000000000142e+01,5.341114776467791314e-01,4.780319153274086019e-02,2.894045440143956927e-01
2.362500000000000000e+01,5.377701359019636529e-01,4.962562247417540845e-02,3.005165512270993045e-01
2.365000000000000213e+01,5.405642485436145117e-01,5.147471685525570329e-02,3.116909561801037842e-01
2.367500000000000071e+01,5.427175372779442508e-01,5.344174545303320006e-02,3.236362331440382212e-01
2.370000000000000284e+01,5.475316899893049039e-01,5.563976815203319076e-02,3.382916817002130094e-01
2.372500000000000142e+01,5.477807319147178777e-01,5.711187144040896085e-02,3.455271673933830723e-01
2.375000000000000000e+01,5.512172571454253545e-01,5.931091294504920591e-02,3.606726984749744624e-01
2.377500000000000213e+01,5.566804751774190319e-01,6.120636467068079484e-02,3.728471016507364233e-01
2.380000000000000071e+01,5.606623877193783745e-01,6.268516234991372560e-02,3.817767365210191777e-01
2.382500000000000284e+01,5.662228572368853685e-01,6.432572841182208900e-02,3.923548962818099173e-01
2.385000000000000142e+01,5.701277010457076466e-01,6.569336973705630633e-02,4.005806186411387526e-01
2.387500000000000000e+01,5.724633123889992792e-01,6.697289833568099982e-02,4.082638511020109662e-01
2.390000000000000213e+01,5.765760949171017113e-01,6.852562696066689940e-02,4.183959494072725938e-01
2.392500000000000071e+01,5.822360656314450322e-01,7.009969429495642446e-02,4.287355070275644664e-01
2.395000000000000284e+01,5.860270847864539334e-01,7.129586117228538245e-02,4.356642765891578506e-01
2.397500000000000142e+01,5.908743670790216340e-01,7.259276369593177514e-02,4.446094606408432237e-01
2.400000000000000000e+01,5.968180415753814305e-01,7.386092793211951335e-02,4.532549300561868888e-01
2.402500000000000213e+01,5.469349942654360142e-01,8.148095437928973284e-02,5.430273993511928188e-01
