# Array shape: (1175, 3)
0.000000000000000000e+00,5.000000000000000000e-01,1.290801646694318960e-01
2.500000000000000139e-02,5.000000000000000000e-01,1.221472641952287830e-01
5.000000000000000278e-02,5.000000000000000000e-01,9.555825090424152624e-02
7.500000000000001110e-02,5.000000000000000000e-01,6.614217241865813501e-02
1.000000000000000056e-01,5.000000000000000000e-01,5.643387582985824602e-02
1.250000000000000000e-01,5.000000000000000000e-01,5.000602969949360932e-02
1.500000000000000222e-01,5.000000000000000000e-01,4.472235154146750324e-02
1.750000000000000167e-01,5.000000000000000000e-01,4.426880825281199333e-02
2.000000000000000111e-01,5.000000000000000000e-01,4.197092220694184639e-02
2.250000000000000056e-01,4.984236766231461280e-01,4.033372610425413340e-02
2.500000000000000000e-01,4.447272409045319730e-01,3.909413411948415434e-02
2.750000000000000222e-01,3.888795979916540579e-01,3.754519600017638264e-02
3.000000000000000444e-01,3.328495744227600306e-01,3.659226293022391219e-02
3.250000000000000111e-01,2.795037752593596547e-01,3.591022078805623796e-02
3.500000000000000333e-01,2.298363844349926022e-01,3.535242769869575974e-02
3.750000000000000000e-01,1.839135195639936826e-01,3.471891389717814136e-02
4.000000000000000222e-01,1.416033351296903664e-01,3.412722043480632267e-02
4.250000000000000444e-01,1.109477880999019950e-01,3.573893117439104483e-02
4.500000000000000111e-01,7.501668451608889399e-02,3.494236571930187801e-02
4.750000000000000333e-01,4.924156620485344027e-02,3.640105138867933549e-02
5.000000000000000000e-01,1.807250575603045611e-02,3.540032618089650890e-02
5.250000000000000222e-01,-3.963707431625339977e-03,3.664773741686819936e-02
5.500000000000000444e-01,-3.084538833141478587e-02,3.550255416659733876e-02
5.750000000000000666e-01,-4.943371680238901195e-02,3.662603916232808066e-02
6.000000000000000888e-01,-6.644452825388913464e-02,3.745642394749604254e-02
6.250000000000000000e-01,-8.201131853251231174e-02,3.809056253549752968e-02
6.500000000000000222e-01,-1.018085964235814489e-01,3.651563395884994956e-02
6.750000000000000444e-01,-1.149441427499466178e-01,3.731191141883815482e-02
7.000000000000000666e-01,-1.268621860883448471e-01,3.789590650833384727e-02
7.250000000000000888e-01,-1.375879238256187964e-01,3.835862931663479997e-02
7.500000000000000000e-01,-1.473351716761313601e-01,3.871779768769677277e-02
7.750000000000000222e-01,-1.562301025285523781e-01,3.899404783814511971e-02
8.000000000000000444e-01,-1.682285794036532667e-01,3.718048457318555433e-02
8.250000000000000666e-01,-1.753190924897508884e-01,3.782450301050667429e-02
8.500000000000000888e-01,-1.815139616834295921e-01,3.830414358293962596e-02
8.750000000000000000e-01,-1.868462345609368802e-01,3.867886702005502580e-02
9.000000000000000222e-01,-1.914410410666745332e-01,3.897873316339599270e-02
9.250000000000000444e-01,-1.953734736054335008e-01,3.922416064049395051e-02
9.500000000000000666e-01,-1.986755304961861091e-01,3.943107920297576202e-02
9.750000000000000888e-01,-2.013602647707816717e-01,3.961258260543128185e-02
1.000000000000000000e+00,-2.034371741528598898e-01,3.977817307252917017e-02
1.025000000000000133e+00,-2.049101467586604830e-01,3.993121584651299766e-02
1.050000000000000044e+00,-2.057824281046063408e-01,4.007521137239349746e-02
1.074999999999999956e+00,-2.060631890374093333e-01,4.021209376223987275e-02
1.100000000000000089e+00,-2.057683869575918645e-01,4.034462196600863138e-02
1.125000000000000000e+00,-2.049138312408253504e-01,4.047580642650867172e-02
1.150000000000000133e+00,-2.035163660136168895e-01,4.060713971723575733e-02
1.175000000000000044e+00,-2.015941542506502204e-01,4.073927831792647364e-02
1.200000000000000178e+00,-1.991664755399586983e-01,4.087249047974190336e-02
1.225000000000000089e+00,-1.972549958679108983e-01,3.896432996392895642e-02
1.250000000000000000e+00,-1.936403198591741814e-01,3.953488653151786963e-02
1.275000000000000133e+00,-1.896030926021295693e-01,4.002754250727091900e-02
1.300000000000000044e+00,-1.851830663846778524e-01,4.040844753976922943e-02
1.325000000000000178e+00,-1.804031782772423376e-01,4.070905608732732633e-02
1.350000000000000089e+00,-1.752810990873689967e-01,4.095625944877610142e-02
1.375000000000000000e+00,-1.698324660905375927e-01,4.116822808935212408e-02
1.400000000000000133e+00,-1.640662218662165828e-01,4.135449131840576026e-02
1.425000000000000044e+00,-1.580031158324464169e-01,4.151076887807044619e-02
1.450000000000000178e+00,-1.516789247530178630e-01,4.162024454272772456e-02
1.475000000000000089e+00,-1.448475072452770906e-01,3.965897282871799767e-02
1.500000000000000000e+00,-1.379087969394166835e-01,4.021871098633511554e-02
1.525000000000000133e+00,-1.308405331201280553e-01,4.070414438036613902e-02
1.550000000000000044e+00,-1.236683642749517448e-01,4.107479459065057487e-02
1.575000000000000178e+00,-1.163947831554224127e-01,4.136335052733152579e-02
1.600000000000000089e+00,-1.090200963633238124e-01,4.159860272020020344e-02
1.625000000000000000e+00,-1.005646161919919179e-01,3.972750934762543651e-02
1.650000000000000133e+00,-9.282901681798892690e-02,4.034771823670764423e-02
1.675000000000000044e+00,-8.506965737820254558e-02,4.087913723189726123e-02
1.700000000000000178e+00,-7.729569275493544667e-02,4.128491111875336878e-02
1.725000000000000089e+00,-6.948813059903406752e-02,4.160075251062865520e-02
1.750000000000000000e+00,-6.163405040987162548e-02,4.185755743993282985e-02
1.775000000000000133e+00,-5.208313466851563489e-02,4.000869349543799414e-02
1.800000000000000044e+00,-4.398758193670464917e-02,4.064219660641581189e-02
1.825000000000000178e+00,-3.592839728557815915e-02,4.118456035945417676e-02
1.850000000000000089e+00,-2.790722784415861080e-02,4.160064943762958878e-02
1.875000000000000000e+00,-1.989113891899823780e-02,4.192566456729859142e-02
1.900000000000000133e+00,-9.669292952426781010e-03,4.012903978299395963e-02
1.925000000000000044e+00,-1.491364132975886610e-03,4.079582942995075429e-02
1.950000000000000178e+00,6.605910976303298182e-03,4.135806201412705468e-02
1.975000000000000089e+00,1.463198892824294980e-02,4.178972888222757393e-02
2.000000000000000000e+00,2.525489455700664909e-02,4.007126421002854544e-02
2.024999999999999911e+00,3.337329746565060457e-02,4.078837810305975531e-02
2.050000000000000266e+00,4.138371111093715193e-02,4.137917432491249048e-02
2.075000000000000178e+00,4.930411772061637360e-02,4.183184910774427612e-02
2.100000000000000089e+00,6.025213523786979858e-02,4.013556762121453514e-02
2.125000000000000000e+00,6.824729986826615080e-02,4.086554642233918705e-02
2.149999999999999911e+00,7.612341963147986612e-02,4.145917539230711130e-02
2.175000000000000266e+00,8.726601421087454291e-02,3.987392001155240506e-02
2.200000000000000178e+00,9.511674080400923936e-02,4.068259385537477402e-02
2.225000000000000089e+00,1.028347487150292200e-01,4.131976333658078648e-02
2.250000000000000000e+00,1.119975190136181659e-01,4.095796726720943998e-02
2.274999999999999911e+00,1.212149523504612164e-01,4.068177291241774352e-02
2.300000000000000266e+00,1.304587685124308782e-01,4.047920215734134713e-02
2.325000000000000178e+00,1.396706913389051397e-01,4.033498236748082888e-02
2.350000000000000089e+00,1.488202292364055324e-01,4.023578475645457619e-02
2.375000000000000000e+00,1.578985479008865045e-01,4.016950434353160765e-02
2.400000000000000355e+00,1.669064456954894859e-01,4.012618792459911321e-02
2.425000000000000266e+00,1.758450745224286460e-01,4.009566745485647343e-02
2.450000000000000178e+00,1.847101729937758174e-01,4.007788185832736327e-02
2.475000000000000089e+00,1.935011566101264846e-01,4.007031548107704844e-02
2.500000000000000000e+00,2.022196079762267062e-01,4.007053073212287625e-02
2.525000000000000355e+00,2.060253387889059706e-01,4.209105718221237136e-02
2.550000000000000266e+00,2.146711623691222870e-01,4.159875926744913133e-02
2.575000000000000178e+00,2.234354717924561529e-01,4.125498360521238222e-02
2.600000000000000089e+00,2.323265008687978306e-01,4.099586869327886962e-02
2.625000000000000000e+00,2.412339010329467015e-01,4.079963181161013613e-02
2.650000000000000355e+00,2.500816725917907046e-01,4.065966610755570448e-02
2.675000000000000266e+00,2.588444842502077847e-01,4.056502107757016529e-02
2.700000000000000178e+00,2.675239904697323534e-01,4.050456454577168464e-02
2.725000000000000089e+00,2.761305546898261132e-01,4.046925504919235417e-02
2.750000000000000000e+00,2.846752455849256846e-01,4.045149354387980040e-02
2.775000000000000355e+00,2.990610206098664459e-01,3.845631185404637525e-02
2.800000000000000266e+00,3.073566101284779251e-01,3.896455310579447634e-02
2.825000000000000178e+00,3.154096443670820205e-01,3.930249984220588605e-02
2.850000000000000089e+00,3.232013225054137795e-01,3.958655001469102430e-02
2.875000000000000000e+00,3.308922535936162923e-01,3.981925750680924414e-02
2.900000000000000355e+00,3.385582694379129509e-01,3.999877977975269810e-02
2.925000000000000266e+00,3.462151072227723780e-01,4.013748173120328111e-02
2.950000000000000178e+00,3.538550547155361325e-01,4.024742042099759692e-02
2.975000000000000089e+00,3.614650231523052759e-01,4.033667724993330456e-02
3.000000000000000000e+00,3.690312754084113522e-01,4.041092837786112307e-02
3.025000000000000355e+00,3.765401387898708596e-01,4.047468566368547793e-02
3.050000000000000266e+00,3.839791938856646492e-01,4.053106846972060612e-02
3.075000000000000178e+00,3.913367665149409258e-01,4.058359277204630355e-02
3.100000000000000089e+00,3.986021714804769966e-01,4.063388825806529131e-02
3.125000000000000000e+00,4.128302925013949132e-01,3.870749812187244954e-02
3.150000000000000355e+00,4.196612192671195229e-01,3.923371375563613345e-02
3.175000000000000266e+00,4.261657552549254491e-01,3.957367919228094166e-02
3.200000000000000178e+00,4.322581650236637096e-01,3.988666021248200855e-02
3.225000000000000089e+00,4.381713457441541171e-01,4.014527429862711772e-02
3.250000000000000000e+00,4.440226399982816208e-01,4.033448849354433208e-02
3.275000000000000355e+00,4.498123272259461625e-01,4.047480405368475420e-02
3.300000000000000266e+00,4.555132273321218506e-01,4.058107453993972658e-02
3.325000000000000178e+00,4.610986617551101618e-01,4.066248046602514293e-02
3.350000000000000089e+00,4.665468732857110945e-01,4.072561902762117381e-02
3.375000000000000000e+00,4.718399992485135530e-01,4.077510318076508350e-02
3.400000000000000355e+00,4.845209098231608724e-01,3.882895517445725253e-02
3.425000000000000266e+00,4.891323249062254908e-01,3.936238182354448445e-02
3.450000000000000178e+00,4.933759631760696318e-01,3.965381333426936522e-02
3.475000000000000089e+00,4.971493209703019001e-01,3.994445258021769862e-02
3.500000000000000000e+00,5.000000000000000000e-01,4.017908379081549380e-02
3.525000000000000355e+00,5.000000000000000000e-01,4.034590817478816288e-02
3.550000000000000266e+00,5.000000000000000000e-01,4.045787253126974931e-02
3.575000000000000178e+00,5.000000000000000000e-01,4.053913529032719676e-02
3.600000000000000089e+00,5.000000000000000000e-01,4.059611521072414159e-02
3.625000000000000000e+00,5.000000000000000000e-01,4.064554315341905449e-02
3.650000000000000355e+00,5.000000000000000000e-01,4.068843696071351712e-02
3.675000000000000266e+00,5.000000000000000000e-01,4.071626962629565361e-02
3.700000000000000178e+00,5.000000000000000000e-01,4.073031749731555184e-02
3.725000000000000089e+00,5.000000000000000000e-01,4.072103861353675719e-02
3.750000000000000000e+00,5.000000000000000000e-01,4.069076435420144328e-02
3.775000000000000355e+00,5.000000000000000000e-01,3.862863047667815242e-02
3.800000000000000266e+00,5.000000000000000000e-01,3.899383912410783748e-02
3.825000000000000178e+00,5.000000000000000000e-01,3.934819538923545884e-02
3.850000000000000089e+00,5.000000000000000000e-01,3.961257564237719714e-02
3.875000000000000000e+00,5.000000000000000000e-01,3.979763501373116685e-02
3.900000000000000355e+00,5.000000000000000000e-01,3.992420084569370947e-02
3.925000000000000266e+00,5.000000000000000000e-01,4.000873598742803183e-02
3.950000000000000178e+00,5.000000000000000000e-01,4.006524928969359273e-02
3.975000000000000089e+00,5.000000000000000000e-01,4.010550768818214873e-02
4.000000000000000000e+00,5.000000000000000000e-01,4.012653946364598545e-02
4.025000000000000355e+00,5.000000000000000000e-01,4.013231701507228438e-02
4.049999999999999822e+00,5.000000000000000000e-01,4.012701061385934298e-02
4.075000000000000178e+00,5.000000000000000000e-01,4.217923407642557021e-02
4.100000000000000533e+00,5.000000000000000000e-01,4.176151005561280077e-02
4.125000000000000000e+00,5.000000000000000000e-01,4.134155847469738604e-02
4.150000000000000355e+00,5.000000000000000000e-01,4.100642414652547890e-02
4.174999999999999822e+00,5.000000000000000000e-01,4.074970705433450524e-02
4.200000000000000178e+00,5.000000000000000000e-01,4.055183151041679562e-02
4.225000000000000533e+00,5.000000000000000000e-01,4.039638754486039873e-02
4.250000000000000000e+00,5.000000000000000000e-01,4.027177745770924022e-02
4.275000000000000355e+00,5.000000000000000000e-01,4.016990139484945960e-02
4.299999999999999822e+00,5.000000000000000000e-01,4.008452364135989265e-02
4.325000000000000178e+00,5.000000000000000000e-01,4.001088795062548997e-02
4.350000000000000533e+00,5.000000000000000000e-01,3.994729704443805013e-02
4.375000000000000000e+00,5.000000000000000000e-01,4.199890159749428142e-02
4.400000000000000355e+00,5.000000000000000000e-01,4.154046978062338885e-02
4.424999999999999822e+00,5.000000000000000000e-01,4.108878131689819302e-02
4.450000000000000178e+00,5.000000000000000000e-01,4.073219909959596013e-02
4.475000000000000533e+00,5.000000000000000000e-01,4.046263310335784791e-02
4.500000000000000000e+00,5.000000000000000000e-01,4.025859934787975880e-02
4.525000000000000355e+00,5.000000000000000000e-01,4.010214530646324937e-02
4.549999999999999822e+00,4.976330469924450384e-01,3.998045627511013361e-02
4.575000000000000178e+00,4.859184104385669833e-01,4.200356399385145323e-02
4.600000000000000533e+00,4.800022989556425035e-01,4.145861932331258715e-02
4.625000000000000000e+00,4.736932024552920062e-01,4.092535370092977021e-02
4.650000000000000355e+00,4.670771831400050700e-01,4.050812162348235712e-02
4.674999999999999822e+00,4.602518826817348363e-01,4.019522755271450615e-02
4.700000000000000178e+00,4.532849398111616912e-01,3.995641601900225270e-02
4.725000000000000533e+00,4.409685834822035244e-01,4.190319327079394113e-02
4.750000000000000000e+00,4.343158510102424485e-01,4.124383145420200403e-02
4.775000000000000355e+00,4.277186246853671436e-01,4.073526564695434393e-02
4.800000000000000711e+00,4.211623557989077060e-01,4.032656980922906531e-02
4.825000000000000178e+00,4.145245010319209555e-01,4.000691804560389114e-02
4.850000000000000533e+00,4.028840736080723794e-01,4.189159734957793174e-02
4.875000000000000000e+00,3.965416819416918703e-01,4.119549565707759237e-02
4.900000000000000355e+00,3.902334830733750204e-01,4.066471661573004687e-02
4.925000000000000711e+00,3.839643699166386814e-01,4.025302719136416435e-02
4.950000000000000178e+00,3.729631391109585747e-01,4.206700791238319331e-02
4.975000000000000533e+00,3.670133285340013707e-01,4.132050661798512825e-02
5.000000000000000000e+00,3.610751435557496558e-01,4.075360425550284688e-02
5.025000000000000355e+00,3.551667110150550366e-01,4.031957607947279226e-02
5.050000000000000711e+00,3.447801451669805228e-01,4.211494162208721109e-02
5.075000000000000178e+00,3.391906232169317192e-01,4.135931300770628871e-02
5.100000000000000533e+00,3.336103655520421540e-01,4.078169176710777499e-02
5.125000000000000000e+00,3.280589528845183622e-01,4.034275799258058015e-02
5.150000000000000355e+00,3.182886710606057101e-01,4.213100383848635694e-02
5.175000000000000711e+00,3.130542100165066843e-01,4.137798539040532519e-02
5.200000000000000178e+00,3.078343983675350115e-01,4.079601056954360733e-02
5.225000000000000533e+00,2.985940429118134065e-01,4.247388545224347473e-02
5.250000000000000000e+00,2.937645730358460217e-01,4.164535384770043369e-02
5.275000000000000355e+00,2.889359524335141649e-01,4.099743360719410035e-02
5.300000000000000711e+00,2.841154096726147271e-01,4.051222374148420735e-02
5.325000000000000178e+00,2.754499401638916267e-01,4.226227297494906249e-02
5.350000000000000533e+00,2.709216176030921908e-01,4.149784785457312497e-02
5.375000000000000000e+00,2.664044776183560614e-01,4.089355151595309296e-02
5.400000000000000355e+00,2.582145504688768134e-01,4.255196873636048205e-02
5.425000000000000711e+00,2.540485627024728355e-01,4.172811675058482606e-02
5.450000000000000178e+00,2.498870905350215332e-01,4.107196744654994375e-02
5.475000000000000533e+00,2.421606596412117229e-01,4.268802145239732754e-02
5.500000000000000000e+00,2.383336267645955187e-01,4.184253988971704113e-02
5.525000000000000355e+00,2.345039440535945097e-01,4.116950348864360093e-02
5.550000000000000711e+00,2.306904050858785971e-01,4.067403236195684529e-02
5.575000000000000178e+00,2.235285404369807827e-01,4.240799574242477138e-02
5.600000000000000533e+00,2.200789804819805462e-01,4.165509103792991441e-02
5.625000000000000000e+00,2.166754274847382811e-01,4.106055058306629785e-02
5.650000000000000355e+00,2.100476882164702408e-01,4.270968673587351855e-02
5.675000000000000711e+00,2.070953000817975787e-01,4.190165677795487653e-02
5.700000000000000178e+00,2.042243982584909801e-01,4.126271484389486960e-02
5.725000000000000533e+00,2.014776522286882698e-01,4.078885408736915991e-02
5.750000000000000000e+00,1.956139223090250789e-01,4.252089099371945957e-02
5.775000000000000355e+00,1.933827174608534205e-01,4.179540241400290373e-02
5.800000000000000711e+00,1.912745964100390772e-01,4.119894243130473727e-02
5.825000000000000178e+00,1.893281992985940687e-01,4.075959385374398197e-02
5.850000000000000533e+00,1.843016066604115932e-01,4.251227781395717359e-02
5.875000000000000000e+00,1.829491813543809020e-01,4.181051427374080781e-02
5.900000000000000355e+00,1.817649815559116422e-01,4.123014676400671430e-02
5.925000000000000711e+00,1.807868975982111492e-01,4.080461260729174866e-02
5.950000000000000178e+00,1.766594893778032360e-01,4.256163854140532915e-02
5.975000000000000533e+00,1.763189296243522497e-01,4.186548306554678522e-02
6.000000000000000000e+00,1.761764157072793491e-01,4.129609108489903924e-02
6.025000000000000355e+00,1.762650993509267683e-01,4.087899646762780531e-02
6.050000000000000711e+00,1.766006062087820960e-01,4.057770545161475118e-02
6.075000000000000178e+00,1.736019803828533492e-01,4.241247343068006020e-02
6.100000000000000533e+00,1.746193612240811432e-01,4.178161348608852577e-02
6.125000000000000000e+00,1.758805950958449993e-01,4.126130171089144316e-02
6.150000000000000355e+00,1.774143954027558034e-01,4.088105664394502126e-02
6.175000000000000711e+00,1.792309248437231328e-01,4.060782597632753982e-02
6.200000000000000178e+00,1.813339097240901920e-01,4.041211548778170931e-02
6.225000000000000533e+00,1.837260705283594864e-01,4.027237022399047378e-02
6.250000000000000000e+00,1.864103560538784565e-01,4.017326564845243031e-02
6.275000000000000355e+00,1.851947422907998242e-01,4.213764364910243393e-02
6.300000000000000711e+00,1.886066266207236941e-01,4.161955214812426002e-02
6.325000000000000178e+00,1.923279799495309916e-01,4.118731348849537927e-02
6.350000000000000533e+00,1.963825783527535507e-01,4.087541027249402825e-02
6.375000000000000000e+00,2.007737189428721869e-01,4.065622316536699615e-02
6.400000000000000355e+00,2.055001603394518706e-01,4.050459394436295435e-02
6.425000000000000711e+00,2.105614546668401754e-01,4.040235935178183163e-02
6.450000000000000178e+00,2.159535354782842198e-01,4.033490164680723911e-02
6.475000000000000533e+00,2.216640871310328331e-01,4.029265722594763816e-02
6.500000000000000000e+00,2.276706149268692969e-01,4.026642469934949703e-02
6.525000000000000355e+00,2.339452534873901202e-01,4.024763136993129986e-02
6.550000000000000711e+00,2.404595992070337473e-01,4.023375574569295482e-02
6.575000000000000178e+00,2.471844328220501041e-01,4.022750623064424991e-02
6.600000000000000533e+00,2.540957573531358316e-01,4.023153181339961248e-02
6.625000000000000000e+00,2.611740640751016307e-01,4.024533086954276695e-02
6.650000000000000355e+00,2.744270058842355198e-01,3.826599271873915020e-02
6.675000000000000711e+00,2.816329037156599102e-01,3.877221875988695610e-02
6.700000000000000178e+00,2.887712969717498579e-01,3.913379873593819669e-02
6.725000000000000533e+00,2.957841218433122088e-01,3.944282425670243147e-02
6.750000000000000000e+00,3.028246128194878040e-01,3.968460263499615920e-02
6.775000000000000355e+00,3.099656394408736859e-01,3.986122255941110248e-02
6.800000000000000711e+00,3.172042084274342977e-01,3.999150260080335667e-02
6.825000000000000178e+00,3.245111281388842195e-01,4.009028870311451970e-02
6.850000000000000533e+00,3.318544521523768553e-01,4.016735220564828651e-02
6.875000000000000000e+00,3.461066506955596256e-01,3.823099271099109076e-02
6.900000000000000355e+00,3.532223594356626584e-01,3.876886475059573151e-02
6.925000000000000711e+00,3.600953308677949383e-01,3.912193646975314215e-02
6.950000000000000178e+00,3.666238644855238094e-01,3.943414669004127737e-02
6.975000000000000533e+00,3.730062012131981075e-01,3.967858279288938306e-02
7.000000000000000000e+00,3.793318213318470078e-01,3.985153390601185730e-02
7.025000000000000355e+00,3.927195802685715109e-01,3.795635830456502158e-02
7.050000000000000711e+00,3.985778736298239422e-01,3.853660503858808567e-02
7.075000000000000178e+00,4.040922026245416521e-01,3.889819382820393356e-02
7.100000000000000533e+00,4.091470473416137787e-01,3.922449651357899636e-02
7.125000000000000000e+00,4.139513499261941454e-01,3.947913505092041225e-02
7.150000000000000355e+00,4.185869443153442115e-01,3.965876392172421744e-02
7.175000000000000711e+00,4.300513968529837694e-01,3.773560080078354473e-02
7.200000000000000178e+00,4.338917705892000876e-01,3.831017816653948388e-02
7.225000000000000533e+00,4.372929269487537129e-01,3.868335691742054439e-02
7.250000000000000000e+00,4.402032273524708605e-01,3.898728710509808543e-02
7.275000000000000355e+00,4.427800304965062161e-01,3.919833096173957337e-02
7.300000000000000711e+00,4.450631004401118251e-01,3.933317023956368896e-02
7.325000000000000178e+00,4.470416304480253067e-01,3.941958309410522471e-02
7.350000000000000533e+00,4.551908237882693053e-01,3.738880417710051252e-02
7.375000000000000000e+00,4.560347014102525409e-01,3.788505006928431090e-02
7.400000000000000355e+00,4.564485633800491882e-01,3.827286745392537853e-02
7.425000000000000711e+00,4.564740995436027959e-01,3.857063767775196356e-02
7.450000000000000178e+00,4.561640306402464651e-01,3.878355457979471704e-02
7.475000000000000533e+00,4.555374354918623747e-01,3.893226149777134770e-02
7.500000000000000000e+00,4.546009870899311855e-01,3.903439444742599906e-02
7.525000000000000355e+00,4.533556528777482608e-01,3.910433958439261948e-02
7.550000000000000711e+00,4.517904566299447144e-01,3.915783698930058732e-02
7.575000000000000178e+00,4.499089324763770881e-01,3.919247716778793272e-02
7.600000000000000533e+00,4.532211399888446679e-01,3.709940698786588775e-02
7.625000000000000000e+00,4.502483085098233917e-01,3.754960922371594623e-02
7.650000000000000355e+00,4.469742285246017799e-01,3.796014531498305422e-02
7.675000000000000711e+00,4.434506415764279397e-01,3.826681126445522635e-02
7.700000000000000178e+00,4.397048981576466842e-01,3.848526818410970968e-02
7.725000000000000533e+00,4.357532916952419066e-01,3.863939094331329815e-02
7.750000000000000000e+00,4.316069510436157386e-01,3.874746794674962386e-02
7.775000000000000355e+00,4.272744193942247803e-01,3.882227550449058456e-02
7.800000000000000711e+00,4.227611365320105841e-01,3.887129502217756549e-02
7.825000000000000178e+00,4.180754785535685247e-01,3.889999723749151816e-02
7.850000000000000533e+00,4.132347548731140074e-01,3.891766665813634063e-02
7.875000000000000000e+00,4.082573961790026407e-01,3.892915392301366656e-02
7.900000000000000355e+00,4.031583686218904727e-01,3.893596084093843557e-02
7.925000000000000711e+00,3.979492645142608809e-01,3.893877484493213359e-02
7.950000000000000178e+00,3.926400816749182066e-01,3.893867526940340829e-02
7.975000000000000533e+00,3.830222738722223741e-01,4.105057188038460647e-02
8.000000000000000000e+00,3.779436678876173517e-01,4.054225671866783232e-02
8.025000000000000355e+00,3.727969228051393191e-01,4.016962976528777596e-02
8.050000000000000711e+00,3.676108332779698951e-01,3.986822175520327721e-02
8.075000000000001066e+00,3.623140449676752195e-01,3.963504973355710947e-02
8.099999999999999645e+00,3.568973379577905503e-01,3.945992559042113546e-02
8.125000000000000000e+00,3.513788739198220878e-01,3.933142864184280968e-02
8.150000000000000355e+00,3.457856788019467165e-01,3.923829135004845703e-02
8.175000000000000711e+00,3.401448001835041812e-01,3.917084818625044679e-02
8.200000000000001066e+00,3.307908622738083282e-01,4.122520917234637206e-02
8.224999999999999645e+00,3.254734600775130438e-01,4.069466681817791864e-02
8.250000000000000000e+00,3.201739723283075767e-01,4.028314959736120637e-02
8.275000000000000355e+00,3.149108368715705653e-01,3.996323142893754704e-02
8.300000000000000711e+00,3.096299468616276473e-01,3.972314929225732177e-02
8.325000000000001066e+00,3.043294776915530520e-01,3.954581689367505509e-02
8.349999999999999645e+00,2.955889351900276574e-01,4.151147310913172461e-02
8.375000000000000000e+00,2.906300805445425905e-01,4.092580585989755854e-02
8.400000000000000355e+00,2.857187164674320767e-01,4.046518291337506540e-02
8.425000000000000711e+00,2.808748246004854066e-01,4.011642449279863992e-02
8.450000000000001066e+00,2.727107245895439291e-01,4.194823554117239894e-02
8.474999999999999645e+00,2.682361116538664603e-01,4.127052911298115939e-02
8.500000000000000000e+00,2.638107907876326430e-01,4.073504445532772494e-02
8.525000000000000355e+00,2.594559363983556244e-01,4.033565320207714577e-02
8.550000000000000711e+00,2.518657188040389072e-01,4.212699352726741869e-02
8.575000000000001066e+00,2.479071168587291263e-01,4.142669912691098605e-02
8.599999999999999645e+00,2.440188526599505192e-01,4.087037601072747439e-02
8.625000000000000000e+00,2.402245256214735891e-01,4.045732737362866399e-02
8.650000000000000355e+00,2.332682846464055049e-01,4.223388573214015979e-02
8.675000000000000711e+00,2.299208540460281891e-01,4.153099112569476337e-02
8.700000000000001066e+00,2.266695093467969990e-01,4.096837147075791524e-02
8.724999999999999645e+00,2.202553022504468438e-01,4.262548594797052615e-02
8.750000000000000000e+00,2.174951901869307813e-01,4.184228363025310066e-02
8.775000000000000355e+00,2.148421871925032256e-01,4.121189605288654023e-02
8.800000000000000711e+00,2.123118705072116197e-01,4.074306684960715685e-02
8.825000000000001066e+00,2.066156529020729826e-01,4.247285915312788707e-02
8.849999999999999645e+00,2.046205120106959763e-01,4.175787255859906427e-02
8.875000000000000000e+00,2.027584736281091427e-01,4.116695151840081557e-02
8.900000000000000355e+00,1.976639992769454734e-01,4.279903859210466843e-02
8.925000000000000711e+00,1.963633160193006266e-01,4.201704066393358028e-02
8.950000000000001066e+00,1.952183425867623778e-01,4.137824042503394223e-02
8.974999999999999645e+00,1.907639946320173197e-01,4.297709361419334989e-02
9.000000000000000000e+00,1.902326529114120313e-01,4.216757016650424933e-02
9.025000000000000355e+00,1.898907934639770811e-01,4.151698558126043492e-02
9.050000000000000711e+00,1.861376859553704743e-01,4.309833013835160515e-02
9.075000000000001066e+00,1.864644090859248482e-01,4.227923303189673465e-02
9.099999999999999645e+00,1.870069984850819267e-01,4.162290335324591445e-02
9.125000000000000000e+00,1.839817217045294773e-01,4.319532117619662159e-02
9.150000000000000355e+00,1.852295485724134716e-01,4.237463839366392010e-02
9.175000000000000711e+00,1.867192088624113067e-01,4.171855489781192694e-02
9.200000000000001066e+00,1.884832381206012486e-01,4.123984482446216293e-02
9.224999999999999645e+00,1.864530528550435995e-01,4.293796548807461005e-02
9.250000000000000000e+00,1.889465777752496745e-01,4.221339360939203172e-02
9.275000000000000355e+00,1.917022400785549363e-01,4.162567817103533796e-02
9.300000000000000711e+00,1.903879659597212393e-01,4.323523387666393381e-02
9.325000000000001066e+00,1.938702251978197955e-01,4.245053743062673912e-02
9.349999999999999645e+00,1.976096972462060564e-01,4.182195023264632938e-02
9.375000000000000000e+00,2.016190880768833071e-01,4.136264654774232663e-02
9.400000000000000355e+00,2.011912510642294427e-01,4.306489520610799759e-02
9.425000000000000711e+00,2.058784241366645174e-01,4.235396907523283211e-02
9.450000000000001066e+00,2.108088370394736455e-01,4.178125771079576473e-02
9.474999999999999645e+00,2.159922631840921203e-01,4.136374947622493969e-02
9.500000000000000000e+00,2.163160137216411927e-01,4.308944431086219468e-02
9.525000000000000355e+00,2.221412636430514786e-01,4.240397354998813595e-02
9.550000000000000711e+00,2.281971373513446422e-01,4.185200346992159343e-02
9.575000000000001066e+00,2.344963960924036361e-01,4.145338675566486580e-02
9.600000000000001421e+00,2.354620400470751329e-01,4.319698687215403621e-02
9.625000000000000000e+00,2.423500021411794381e-01,4.250084960575516851e-02
9.650000000000000355e+00,2.494496756943393734e-01,4.197272891479227747e-02
9.675000000000000711e+00,2.567795988319254707e-01,4.161027208773961095e-02
9.700000000000001066e+00,2.642925745715559160e-01,4.133901212826242982e-02
9.725000000000001421e+00,2.719162844436235904e-01,4.113346477588316480e-02
9.750000000000000000e+00,2.796012075024506549e-01,4.098800333365724968e-02
9.775000000000000355e+00,2.809728964401659312e-01,4.289159080610538410e-02
9.800000000000000711e+00,2.889159354089737564e-01,4.233601482007728206e-02
9.825000000000001066e+00,2.970568336681679855e-01,4.194975587612401885e-02
9.850000000000001421e+00,3.054492476619424246e-01,4.168051597274324144e-02
9.875000000000000000e+00,3.139941436825343102e-01,4.147076391857386357e-02
9.900000000000000355e+00,3.225745396754707284e-01,4.132007272402116183e-02
9.925000000000000711e+00,3.311399668226366888e-01,4.121988357159048211e-02
9.950000000000001066e+00,3.396852034064943293e-01,4.115619149573424007e-02
9.975000000000001421e+00,3.482180936110439995e-01,4.111748498829056325e-02
1.000000000000000000e+01,3.567441510670132376e-01,4.109594553289442481e-02
1.002500000000000036e+01,3.652629624825017851e-01,4.108660214427910240e-02
1.005000000000000071e+01,3.737694075386976400e-01,4.108713593579092077e-02
1.007500000000000107e+01,3.822544180751558662e-01,4.109789471859782994e-02
1.010000000000000142e+01,3.907108207972084246e-01,4.111350827438522287e-02
1.012500000000000000e+01,3.991276532995077786e-01,4.113168152513637515e-02
1.015000000000000036e+01,4.074917105447665722e-01,4.115136350315058006e-02
1.017500000000000071e+01,4.157888852749853092e-01,4.117177483916176911e-02
1.020000000000000107e+01,4.240043616350943068e-01,4.119217562421960410e-02
1.022500000000000142e+01,4.321223133323188192e-01,4.121189706356066101e-02
1.025000000000000000e+01,4.401258938890573735e-01,4.123037593535495982e-02
1.027500000000000036e+01,4.479972282539074202e-01,4.124717019334661616e-02
1.030000000000000071e+01,4.557177526485586272e-01,4.126173482996446651e-02
1.032500000000000107e+01,4.632681976600238061e-01,4.127367742689824759e-02
1.035000000000000142e+01,4.706287494329276511e-01,4.128278687332666980e-02
1.037500000000000000e+01,4.777794883967305117e-01,4.128868935450034222e-02
1.040000000000000036e+01,4.846980080851154282e-01,4.129374553929266584e-02
1.042500000000000071e+01,4.913561249357409899e-01,4.130933870904798799e-02
1.045000000000000107e+01,4.977474379536399596e-01,4.132797852793687610e-02
1.047500000000000142e+01,5.000000000000000000e-01,3.933497262638252501e-02
1.050000000000000000e+01,5.000000000000000000e-01,3.965779821422329293e-02
1.052500000000000036e+01,5.000000000000000000e-01,3.998628243501786000e-02
1.055000000000000071e+01,5.000000000000000000e-01,4.022472119209252045e-02
1.057500000000000107e+01,5.000000000000000000e-01,4.037626868104665645e-02
1.060000000000000142e+01,5.000000000000000000e-01,4.046914986213053650e-02
1.062500000000000000e+01,5.000000000000000000e-01,4.052206059283664646e-02
1.065000000000000036e+01,5.000000000000000000e-01,4.054676373682705032e-02
1.067500000000000071e+01,5.000000000000000000e-01,4.055184532200692415e-02
1.070000000000000107e+01,5.000000000000000000e-01,4.055086545947549082e-02
1.072500000000000142e+01,5.000000000000000000e-01,4.053632676430936332e-02
1.075000000000000000e+01,5.000000000000000000e-01,4.050783675477549750e-02
1.077500000000000036e+01,5.000000000000000000e-01,4.046882715226766958e-02
1.080000000000000071e+01,5.000000000000000000e-01,4.042064785743140071e-02
1.082500000000000107e+01,5.000000000000000000e-01,4.036674904619174525e-02
1.085000000000000142e+01,5.000000000000000000e-01,4.030869690172155656e-02
1.087500000000000000e+01,5.000000000000000000e-01,4.024744878027112366e-02
1.090000000000000036e+01,5.000000000000000000e-01,4.018388842187531340e-02
1.092500000000000071e+01,5.000000000000000000e-01,4.011883533999725804e-02
1.095000000000000107e+01,5.000000000000000000e-01,4.005307309241415425e-02
1.097500000000000142e+01,5.000000000000000000e-01,3.998744462261605986e-02
1.100000000000000000e+01,5.000000000000000000e-01,3.992229498313999009e-02
1.102500000000000036e+01,5.000000000000000000e-01,3.985721230369064505e-02
1.105000000000000071e+01,5.000000000000000000e-01,3.979200869482830277e-02
1.107500000000000107e+01,5.000000000000000000e-01,3.972839925388088611e-02
1.110000000000000142e+01,5.000000000000000000e-01,3.966665626062543248e-02
1.112500000000000000e+01,5.000000000000000000e-01,3.960529703697169418e-02
1.115000000000000036e+01,5.000000000000000000e-01,3.954584685614102868e-02
1.117500000000000071e+01,5.000000000000000000e-01,3.948911213489939009e-02
1.120000000000000107e+01,5.000000000000000000e-01,3.943516180309415003e-02
1.122500000000000142e+01,5.000000000000000000e-01,3.938403098454092838e-02
1.125000000000000000e+01,5.000000000000000000e-01,3.933577522434352630e-02
1.127500000000000036e+01,5.000000000000000000e-01,3.929045459635343435e-02
1.130000000000000071e+01,5.000000000000000000e-01,3.924813390982025141e-02
1.132500000000000107e+01,5.000000000000000000e-01,3.920888685947778590e-02
1.135000000000000142e+01,5.000000000000000000e-01,3.917279878175216473e-02
1.137500000000000000e+01,5.000000000000000000e-01,3.913996850730875471e-02
1.140000000000000036e+01,5.000000000000000000e-01,4.128243046044281078e-02
1.142500000000000071e+01,5.000000000000000000e-01,4.082963765249527505e-02
1.145000000000000107e+01,5.000000000000000000e-01,4.038550386767898043e-02
1.147500000000000142e+01,5.000000000000000000e-01,4.004025666722434151e-02
1.150000000000000000e+01,5.000000000000000000e-01,3.978514447787220853e-02
1.152500000000000036e+01,4.946694774468751166e-01,3.959855094170534190e-02
1.155000000000000071e+01,4.845662278630161190e-01,3.944172764259183672e-02
1.157500000000000107e+01,4.737922869918926860e-01,3.929037439473933441e-02
1.160000000000000142e+01,4.624346451737521568e-01,3.906629857869009514e-02
1.162500000000000000e+01,4.506663684419853211e-01,3.893663911333884731e-02
1.165000000000000036e+01,4.387537619263164324e-01,3.885726597331401466e-02
1.167500000000000071e+01,4.268272551100550372e-01,3.877660646104449244e-02
1.170000000000000107e+01,4.149112374174754314e-01,3.869280308075415120e-02
1.172500000000000142e+01,3.998781355728962539e-01,4.079487548399624020e-02
1.175000000000000000e+01,3.884539672789625309e-01,4.023597685311074840e-02
1.177500000000000036e+01,3.770154050919035105e-01,3.974532442989692216e-02
1.180000000000000071e+01,3.655069068391331721e-01,3.936622771704334500e-02
1.182500000000000107e+01,3.538706505975747207e-01,3.907976096276626066e-02
1.185000000000000142e+01,3.421216935711023921e-01,3.886339159082837641e-02
1.187500000000000000e+01,3.302916078622000207e-01,3.870359428116471046e-02
1.190000000000000036e+01,3.184060904894437938e-01,3.858365301794270535e-02
1.192500000000000071e+01,3.064896191458219010e-01,3.849455730612006549e-02
1.195000000000000107e+01,2.927625357377500181e-01,4.059714446786673314e-02
1.197500000000000142e+01,2.813083157059956263e-01,4.007444248738346870e-02
1.200000000000000000e+01,2.698458691646707375e-01,3.962072014805061160e-02
1.202500000000000036e+01,2.583739364841339814e-01,3.929305267773190724e-02
1.205000000000000071e+01,2.468968443122692979e-01,3.906398494018863132e-02
1.207500000000000107e+01,2.354482369380064832e-01,3.890622914827730761e-02
1.210000000000000142e+01,2.240698187838643385e-01,3.880036692619107802e-02
1.212500000000000000e+01,2.128019080534586105e-01,3.873141497346480749e-02
1.215000000000000036e+01,2.016768975375126949e-01,3.868897513074229938e-02
1.217500000000000071e+01,1.899775973594375889e-01,4.078900603667119651e-02
1.220000000000000107e+01,1.795204776540714753e-01,4.031241046506821302e-02
1.222500000000000142e+01,1.691596418674660707e-01,3.988708231383664843e-02
1.225000000000000000e+01,1.588951950901850152e-01,3.957669404003993224e-02
1.227500000000000036e+01,1.487471006397907691e-01,3.935876761044964506e-02
1.230000000000000071e+01,1.387452144060293546e-01,3.920586794295346372e-02
1.232500000000000107e+01,1.289117338789368405e-01,3.910663204956339734e-02
1.235000000000000142e+01,1.192586516146995484e-01,3.904540539561185408e-02
1.237500000000000000e+01,1.097967841918029569e-01,3.900917921258739013e-02
1.240000000000000036e+01,1.005361294583358989e-01,3.898961658355153126e-02
1.242500000000000071e+01,9.148576112667722304e-02,3.904912768145502727e-02
1.245000000000000107e+01,8.273967595830424016e-02,4.116818478457991842e-02
1.247500000000000142e+01,7.429784718858181702e-02,4.075793207471890833e-02
1.250000000000000000e+01,6.596160472484698112e-02,4.038545045256709820e-02
1.252500000000000036e+01,5.775762621091069110e-02,4.010756267846518619e-02
1.255000000000000071e+01,4.972785164926702556e-02,3.990327312696487910e-02
1.257500000000000107e+01,4.190490952477275710e-02,3.975090050639842193e-02
1.260000000000000142e+01,3.431276978582190051e-02,3.963515354644953775e-02
1.262500000000000000e+01,2.696886954854339075e-02,3.954561176368527609e-02
1.265000000000000036e+01,1.988592966025880260e-02,3.947500222347005705e-02
1.267500000000000071e+01,1.307346327810925829e-02,3.941818317115589748e-02
1.270000000000000107e+01,6.538575865451291824e-03,3.937145307014236484e-02
1.272500000000000142e+01,2.866449261465231491e-04,3.933232522630322747e-02
1.275000000000000000e+01,-5.677869885656263924e-03,3.929856018846289434e-02
1.277500000000000036e+01,-1.135108271279121860e-02,3.926882522728511460e-02
1.280000000000000071e+01,-1.672926499202400524e-02,3.924226648720781363e-02
1.282500000000000107e+01,-2.180874622029662507e-02,3.921829309176218942e-02
1.285000000000000142e+01,-2.658776947973084254e-02,3.919779421950422144e-02
1.287500000000000000e+01,-3.068935035858396526e-02,4.124119931296385544e-02
1.290000000000000036e+01,-3.488067090657918229e-02,4.075356009952379316e-02
1.292500000000000071e+01,-3.886590455424435153e-02,4.033274601196687459e-02
1.295000000000000107e+01,-4.261912403607428373e-02,4.002453998833159499e-02
1.297500000000000142e+01,-4.611665408872094030e-02,3.980242255524213402e-02
1.300000000000000000e+01,-4.934660400031683214e-02,3.964141221924390168e-02
1.302500000000000036e+01,-5.230572056522188318e-02,3.952369524739375584e-02
1.305000000000000071e+01,-5.499627743758660897e-02,3.943699749135448629e-02
1.307500000000000107e+01,-5.742385363121146197e-02,3.937264341801050005e-02
1.310000000000000142e+01,-5.959600291841959940e-02,3.932444082927109841e-02
1.312500000000000000e+01,-6.152144555838527651e-02,3.928796430453174171e-02
1.315000000000000036e+01,-6.320956121528649441e-02,3.926004929431180929e-02
1.317500000000000071e+01,-6.467006259536836610e-02,3.923842861695659573e-02
1.320000000000000107e+01,-6.591278045363209437e-02,3.922147345914501343e-02
1.322500000000000142e+01,-6.694751902839192470e-02,3.920800974272327377e-02
1.325000000000000000e+01,-6.778395752891901160e-02,3.919718784775903103e-02
1.327500000000000036e+01,-6.860149044121975626e-02,3.712747225776030779e-02
1.330000000000000071e+01,-6.904157854033776687e-02,3.759523750141230414e-02
1.332500000000000107e+01,-6.928640196462231005e-02,3.799918064972306053e-02
1.335000000000000142e+01,-6.936585985815396649e-02,3.829331675658272788e-02
1.337500000000000000e+01,-6.929994737142029793e-02,3.850362528440358367e-02
1.340000000000000036e+01,-6.910106488204396935e-02,3.865454490505970675e-02
1.342500000000000071e+01,-6.877768663765285173e-02,3.876348147848549669e-02
1.345000000000000107e+01,-6.833639846418945729e-02,3.884257553321204121e-02
1.347500000000000142e+01,-6.778288021451764345e-02,3.890041243717700520e-02
1.350000000000000000e+01,-6.712237351351572900e-02,3.894309818219763436e-02
1.352500000000000036e+01,-6.635990299014146721e-02,3.897497212011113293e-02
1.355000000000000071e+01,-6.550037504143076117e-02,3.899911449858863705e-02
1.357500000000000107e+01,-6.454861560545652188e-02,3.901803050869182693e-02
1.360000000000000142e+01,-6.350938128510812131e-02,3.903483149666042012e-02
1.362500000000000000e+01,-6.238736613400698572e-02,3.904778390411905303e-02
1.365000000000000036e+01,-6.118716040849201537e-02,3.905788392854364632e-02
1.367500000000000071e+01,-5.991324477104396917e-02,3.906591981149790116e-02
1.370000000000000107e+01,-5.856999349391744242e-02,3.907246049621576622e-02
1.372500000000000142e+01,-5.716167185785712979e-02,3.907791206819913321e-02
1.375000000000000000e+01,-5.558504358884305829e-02,3.702203747306455350e-02
1.377500000000000036e+01,-5.402941410425143171e-02,3.750113776424132683e-02
1.380000000000000071e+01,-5.242486953720661147e-02,3.791486305979840932e-02
1.382500000000000107e+01,-5.078431190016781394e-02,3.821733222949385417e-02
1.385000000000000142e+01,-4.911254875218123983e-02,3.843480017024524659e-02
1.387500000000000000e+01,-4.741155988958530021e-02,3.859194934681085126e-02
1.390000000000000036e+01,-4.568238778359198088e-02,3.870637327249418919e-02
1.392500000000000071e+01,-4.392588072578849923e-02,3.879035344524343898e-02
1.395000000000000107e+01,-4.214298960722755172e-02,3.885258055233894309e-02
1.397500000000000142e+01,-4.033487175919545781e-02,3.889923938595852421e-02
1.400000000000000000e+01,-3.850290485103986804e-02,3.893472888889294020e-02
1.402500000000000036e+01,-3.664866159705570947e-02,3.896217529320995798e-02
1.405000000000000071e+01,-3.477387125294694598e-02,3.898380150157288587e-02
1.407500000000000107e+01,-3.257515956594284057e-02,3.694037405805331020e-02
1.410000000000000142e+01,-3.064495788707525051e-02,3.743005696546201216e-02
1.412500000000000000e+01,-2.871331638017762464e-02,3.785241798202856195e-02
1.415000000000000036e+01,-2.678541444531435181e-02,3.816196917906410774e-02
1.417500000000000071e+01,-2.486060704108990563e-02,3.838534610546583126e-02
1.420000000000000107e+01,-2.293760259498467402e-02,3.854752167051711531e-02
1.422500000000000142e+01,-2.101539765925800052e-02,3.866630150443441799e-02
1.425000000000000000e+01,-1.909342404172580457e-02,3.875411965314811552e-02
1.427500000000000036e+01,-1.717154188159782796e-02,3.881977585197306235e-02
1.430000000000000071e+01,-1.524998880014485914e-02,3.886953288146814678e-02
1.432500000000000107e+01,-1.332931274518918928e-02,3.890784579212170496e-02
1.435000000000000142e+01,-1.141030399677620856e-02,3.893788163292358218e-02
1.437500000000000000e+01,-9.493934403576487213e-03,3.896189349393667373e-02
1.440000000000000036e+01,-7.084593228910052512e-03,3.692105719180172052e-02
1.442500000000000071e+01,-5.171712177602671469e-03,3.741294096664096736e-02
1.445000000000000107e+01,-3.282029751423478671e-03,3.783719211455792431e-02
1.447500000000000142e+01,-1.415862841605514816e-03,3.814841043592704511e-02
1.450000000000000000e+01,4.300410537746126227e-04,3.837328917415339796e-02
1.452500000000000036e+01,2.258266932114939580e-03,3.853683966773847891e-02
1.455000000000000071e+01,4.070473451940380752e-03,3.865689322294893482e-02
1.457500000000000107e+01,5.867611695489367493e-03,3.874590050060156693e-02
1.460000000000000142e+01,7.650106573352963464e-03,3.881267154539375097e-02
1.462500000000000000e+01,9.417988117632497894e-03,3.886347531796135318e-02
1.465000000000000036e+01,1.117050235029763347e-02,3.890277195872315907e-02
1.467500000000000071e+01,1.290430962467893801e-02,3.893372385319905649e-02
1.470000000000000107e+01,1.461504595307266431e-02,3.895857216451151933e-02
1.472500000000000142e+01,1.629809241060296496e-02,3.897891158410642098e-02
1.475000000000000000e+01,1.794868534549377143e-02,3.899587915673788374e-02
1.477500000000000036e+01,1.956200267484184407e-02,3.901028753084419265e-02
1.480000000000000071e+01,2.113322952657303161e-02,3.902271927366893212e-02
1.482500000000000107e+01,2.265760882595295109e-02,3.903359370345892143e-02
1.485000000000000142e+01,2.413048091993096403e-02,3.904321427070499284e-02
1.487500000000000000e+01,2.554731497336646187e-02,3.905180216604325905e-02
1.490000000000000036e+01,2.690373399888232320e-02,3.905952017495548101e-02
1.492500000000000071e+01,2.819553483148332443e-02,3.906648962470159192e-02
1.495000000000000107e+01,2.941870399398461081e-02,3.907280243674541437e-02
1.497500000000000142e+01,3.056943014454915203e-02,3.907852970882067650e-02
1.500000000000000000e+01,3.164411361340501577e-02,3.908372783350404223e-02
1.502500000000000036e+01,3.263937340041726809e-02,3.908844286421623432e-02
1.505000000000000071e+01,3.355205190602465748e-02,3.909271362958902790e-02
1.507500000000000107e+01,3.437921759742156719e-02,3.909657394829184340e-02
1.510000000000000142e+01,3.511816576419880126e-02,3.910005419135088173e-02
1.512500000000000000e+01,3.576641748901349116e-02,3.910318236551973275e-02
1.515000000000000036e+01,3.632171694511972249e-02,3.910598484068544822e-02
1.517500000000000071e+01,3.678202713066016510e-02,3.910848681030197616e-02
1.520000000000000107e+01,3.714552415583646100e-02,3.911071255172057087e-02
1.522500000000000142e+01,3.741059021042814764e-02,3.911268553938133247e-02
1.525000000000000000e+01,3.757580535273873784e-02,3.911442845520402695e-02
1.527500000000000036e+01,3.763993827430814343e-02,3.911596313488294174e-02
1.530000000000000071e+01,3.760193620566995576e-02,3.911731048434276964e-02
1.532500000000000107e+01,3.746091413551452809e-02,3.911849039609662654e-02
1.535000000000000142e+01,3.721614351778375351e-02,3.911952168991770368e-02
1.537500000000000000e+01,3.686704063820459010e-02,3.912042209582929780e-02
1.540000000000000036e+01,3.641315480320095332e-02,3.912120829011603296e-02
1.542500000000000071e+01,3.585415650090831297e-02,3.912189598734641671e-02
1.545000000000000107e+01,3.518982566616694202e-02,3.912250008394118489e-02
1.547500000000000142e+01,3.442004016024099999e-02,3.912303484237541346e-02
1.550000000000000000e+01,3.342665072054825520e-02,4.118512399164136334e-02
1.552500000000000036e+01,3.250759304586485487e-02,4.070983918054404266e-02
1.555000000000000071e+01,3.147339554365998632e-02,4.029976512721516330e-02
1.557500000000000107e+01,3.032103070355306532e-02,4.000081607009799145e-02
1.560000000000000142e+01,2.905143001728082916e-02,3.979194747372266638e-02
1.562500000000000000e+01,2.766622391032249814e-02,3.964297839513098581e-02
1.565000000000000036e+01,2.616709177397986627e-02,3.953551625077041110e-02
1.567500000000000071e+01,2.455565473145414346e-02,3.945752857448681095e-02
1.570000000000000107e+01,2.283342331707967354e-02,3.940054473859793543e-02
1.572500000000000142e+01,2.100176357035038813e-02,3.935854387424312512e-02
1.575000000000000000e+01,1.937691730706242108e-02,4.138614052483970823e-02
1.577500000000000036e+01,1.738575204677112254e-02,4.088743648566688094e-02
1.580000000000000071e+01,1.526798632722563970e-02,4.045932442220991770e-02
1.582500000000000107e+01,1.302340841679721153e-02,4.014622132320568720e-02
1.585000000000000142e+01,1.065654142967303528e-02,3.992079576712075778e-02
1.587500000000000000e+01,8.171520856241376238e-03,3.975759707147263899e-02
1.590000000000000036e+01,5.571674622411029384e-03,3.963848360417875083e-02
1.592500000000000071e+01,2.859639331421793846e-03,3.955078444035962232e-02
1.595000000000000107e+01,7.952853229805066648e-04,4.154377220387234226e-02
1.597500000000000142e+01,-2.090143996547109626e-03,4.101955677332700528e-02
1.600000000000000000e+01,-5.111722912093471030e-03,4.057200397353979276e-02
1.602500000000000213e+01,-8.267678789608016651e-03,4.024375029664634812e-02
1.605000000000000071e+01,-1.155115377108629007e-02,4.000624559311206224e-02
1.607499999999999929e+01,-1.495666895453298326e-02,3.983318350533839036e-02
1.610000000000000142e+01,-1.848041091855451290e-02,3.970581266555132938e-02
1.612500000000000000e+01,-2.211984414252342324e-02,3.961102469017533517e-02
1.615000000000000213e+01,-2.456666512568971700e-02,4.159674491085365439e-02
1.617500000000000071e+01,-2.840240574690344744e-02,4.106675244892882964e-02
1.619999999999999929e+01,-3.238883168157949410e-02,4.061427751876998948e-02
1.622500000000000142e+01,-3.652307212597599023e-02,4.028138997593057324e-02
1.625000000000000000e+01,-4.079684792583795905e-02,4.003939084580129815e-02
1.627500000000000213e+01,-4.520424032978420659e-02,3.986192052515667023e-02
1.630000000000000071e+01,-4.974183491030318566e-02,3.973019549014005641e-02
1.632499999999999929e+01,-5.440803747151087832e-02,3.963108255547602432e-02
1.635000000000000142e+01,-5.720532007102118593e-02,4.161116095093225081e-02
1.637500000000000000e+01,-6.211526906779112761e-02,4.107633531875421601e-02
1.640000000000000213e+01,-6.720248128343744853e-02,4.061989672390022010e-02
1.642500000000000071e+01,-7.246384994341049934e-02,4.028309191253075239e-02
1.644999999999999929e+01,-7.789001214810387097e-02,4.003744869760577502e-02
1.647500000000000142e+01,-8.347395248779798660e-02,3.985534757589605237e-02
1.650000000000000000e+01,-8.920784622995915625e-02,3.971745151323550355e-02
1.652500000000000213e+01,-9.508428193640949821e-02,3.961114175492921885e-02
1.655000000000000071e+01,-1.010937511816966117e-01,3.952789873130812398e-02
1.657499999999999929e+01,-1.072273089076576924e-01,3.946256855237239430e-02
1.660000000000000142e+01,-1.134765220173139938e-01,3.941179830259500250e-02
1.662500000000000000e+01,-1.198338775790573629e-01,3.937154157718303349e-02
1.665000000000000213e+01,-1.229486974616559036e-01,4.139074508811900477e-02
1.667500000000000071e+01,-1.295050196967992839e-01,4.087160041647707603e-02
1.669999999999999929e+01,-1.362665150211251064e-01,4.044602180431143557e-02
1.672500000000000142e+01,-1.432252907169912493e-01,4.013221051284519142e-02
1.675000000000000000e+01,-1.503205173606184386e-01,3.989864670075708025e-02
1.677500000000000213e+01,-1.575001547628876175e-01,3.972280761140747213e-02
1.680000000000000071e+01,-1.647330358969819331e-01,3.958761840445838148e-02
1.682499999999999929e+01,-1.720020004082389586e-01,3.948163046581646546e-02
1.685000000000000142e+01,-1.793011618184343348e-01,3.939867146197544717e-02
1.687500000000000000e+01,-1.866290462702654696e-01,3.933280566396813588e-02
1.690000000000000213e+01,-1.939847620258465799e-01,3.927926113507088091e-02
1.692500000000000071e+01,-2.013667943207858579e-01,3.923450109019127607e-02
1.694999999999999929e+01,-2.087727141388818486e-01,3.919613847371766074e-02
1.697500000000000142e+01,-2.161990797861370606e-01,3.916228043402487230e-02
1.700000000000000000e+01,-2.236552167207094266e-01,3.912567201673282369e-02
1.702500000000000213e+01,-2.362435245804740680e-01,3.704169502041972095e-02
1.705000000000000071e+01,-2.436656100749763354e-01,3.751770540335185727e-02
1.707499999999999929e+01,-2.509410982495868248e-01,3.785352516378356902e-02
1.710000000000000142e+01,-2.580714962052278461e-01,3.811479473609233337e-02
1.712500000000000000e+01,-2.651900697522102113e-01,3.830877002503638856e-02
1.715000000000000213e+01,-2.723632958934412707e-01,3.844625433815284515e-02
1.717500000000000071e+01,-2.796048604123836934e-01,3.854175897649642774e-02
1.719999999999999929e+01,-2.869078580104304499e-01,3.860699311729011429e-02
1.722500000000000142e+01,-2.942603016446916353e-01,3.865062633328267272e-02
1.725000000000000000e+01,-3.016489697641572820e-01,3.868011452417601664e-02
1.727500000000000213e+01,-3.090572925527403925e-01,3.870069683850443226e-02
1.730000000000000071e+01,-3.164671429667129110e-01,3.871491545628842623e-02
1.732499999999999929e+01,-3.302026842513480220e-01,3.668492993757480058e-02
1.735000000000000142e+01,-3.374046113238255984e-01,3.720342478846246081e-02
1.737500000000000000e+01,-3.443965802480311589e-01,3.755996198685637028e-02
1.740000000000000213e+01,-3.511211355638624854e-01,3.785928669144703745e-02
1.742500000000000071e+01,-3.577531705915233950e-01,3.808913451023487884e-02
1.744999999999999929e+01,-3.643822792135316679e-01,3.825894216639062068e-02
1.747500000000000142e+01,-3.710199582784463046e-01,3.838475110612928759e-02
1.750000000000000000e+01,-3.776498589738829237e-01,3.847774542813989923e-02
1.752500000000000213e+01,-3.912101523399786340e-01,3.651619386278145279e-02
1.755000000000000071e+01,-3.975370837102216726e-01,3.708517881300962826e-02
1.757499999999999929e+01,-4.036264060642131279e-01,3.745907135461701287e-02
1.760000000000000142e+01,-4.093886547125482611e-01,3.779578012865969505e-02
1.762500000000000000e+01,-4.150235574584286158e-01,3.806459450901981262e-02
1.765000000000000213e+01,-4.206297773812510687e-01,3.826286543937969242e-02
1.767500000000000071e+01,-4.262089435426772988e-01,3.841073629567690745e-02
1.769999999999999929e+01,-4.390211869300509329e-01,3.650486509463313212e-02
1.772500000000000142e+01,-4.441798101506089225e-01,3.712524707790035988e-02
1.775000000000000000e+01,-4.490926313760694177e-01,3.750392246249176220e-02
1.777500000000000213e+01,-4.536416627345768449e-01,3.786288776926817479e-02
1.780000000000000071e+01,-4.580344880002049091e-01,3.815257941483819054e-02
1.782499999999999929e+01,-4.623573264767354973e-01,3.837120919479190817e-02
1.785000000000000142e+01,-4.666075094696330305e-01,3.853959105961760057e-02
1.787500000000000000e+01,-4.781551783918683296e-01,3.666852861175706746e-02
1.790000000000000213e+01,-4.818379465433569320e-01,3.732292774025461335e-02
1.792500000000000071e+01,-4.853002460944937368e-01,3.770297620499177965e-02
1.794999999999999929e+01,-4.883909134180844380e-01,3.806735697783603795e-02
1.797500000000000142e+01,-4.912862588101215011e-01,3.837132737512888303e-02
1.800000000000000000e+01,-4.940535677614927290e-01,3.862386467532590018e-02
1.802500000000000213e+01,-4.967119633076659269e-01,3.882852511735277595e-02
1.805000000000000071e+01,-4.992461936020284319e-01,3.899186347372037703e-02
1.807499999999999929e+01,-5.000000000000000000e-01,3.912499443291018314e-02
1.810000000000000142e+01,-5.000000000000000000e-01,3.723469286512191834e-02
1.812500000000000000e+01,-5.000000000000000000e-01,3.771826867060806832e-02
1.815000000000000213e+01,-5.000000000000000000e-01,3.816541583600260856e-02
1.817500000000000071e+01,-5.000000000000000000e-01,3.850818595067009853e-02
1.819999999999999929e+01,-5.000000000000000000e-01,3.876494271382063816e-02
1.822500000000000142e+01,-5.000000000000000000e-01,3.896019245299446598e-02
1.825000000000000000e+01,-5.000000000000000000e-01,3.911214268408814282e-02
1.827500000000000213e+01,-5.000000000000000000e-01,3.923333065894631100e-02
1.830000000000000071e+01,-5.000000000000000000e-01,3.933251566319471287e-02
1.832499999999999929e+01,-5.000000000000000000e-01,3.941674948194050232e-02
1.835000000000000142e+01,-5.000000000000000000e-01,3.949687659715468008e-02
1.837500000000000000e+01,-5.000000000000000000e-01,3.759086773887375388e-02
1.840000000000000213e+01,-5.000000000000000000e-01,3.805917970270994433e-02
1.842500000000000071e+01,-5.000000000000000000e-01,3.850822576949432946e-02
1.844999999999999929e+01,-5.000000000000000000e-01,3.885460195801799382e-02
1.847500000000000142e+01,-5.000000000000000000e-01,3.911131942901985986e-02
1.850000000000000000e+01,-5.000000000000000000e-01,3.930311949010319161e-02
1.852500000000000213e+01,-5.000000000000000000e-01,3.944962625144599749e-02
1.855000000000000071e+01,-5.000000000000000000e-01,3.956445299703131857e-02
1.857499999999999929e+01,-5.000000000000000000e-01,3.965703965103237888e-02
1.860000000000000142e+01,-5.000000000000000000e-01,3.973400383146197951e-02
1.862500000000000000e+01,-5.000000000000000000e-01,3.980000886378749075e-02
1.865000000000000213e+01,-5.000000000000000000e-01,3.985834828648330413e-02
1.867500000000000071e+01,-5.000000000000000000e-01,3.991136391464435162e-02
1.869999999999999929e+01,-5.000000000000000000e-01,3.996049028261942915e-02
1.872500000000000142e+01,-5.000000000000000000e-01,4.000560203256134373e-02
1.875000000000000000e+01,-5.000000000000000000e-01,4.004909941651307176e-02
1.877500000000000213e+01,-5.000000000000000000e-01,4.009192996868027326e-02
1.880000000000000071e+01,-4.976154684859159238e-01,4.013435561187911338e-02
1.882499999999999929e+01,-4.935595048460225120e-01,4.016560083294668654e-02
1.885000000000000142e+01,-4.892051871773179794e-01,4.018801665446016663e-02
1.887500000000000000e+01,-4.845863960698496009e-01,4.020756393487882885e-02
1.890000000000000213e+01,-4.797486488183816400e-01,4.022426264935576035e-02
1.892500000000000071e+01,-4.747277533765459356e-01,4.023525623458571593e-02
1.894999999999999929e+01,-4.695532549118421328e-01,4.023410015404930984e-02
1.897500000000000142e+01,-4.642675799979062989e-01,4.023257108621507150e-02
1.900000000000000000e+01,-4.589073758551309723e-01,4.023367349947588878e-02
1.902500000000000213e+01,-4.534955110062816042e-01,4.023420673400398412e-02
1.905000000000000071e+01,-4.426885019980117408e-01,4.225413948603039260e-02
1.907499999999999929e+01,-4.376207916557092181e-01,4.172978118775595019e-02
1.910000000000000142e+01,-4.325713304248769431e-01,4.137184442464256207e-02
1.912500000000000000e+01,-4.275608325610150695e-01,4.107998351377971369e-02
1.915000000000000213e+01,-4.224734619098062249e-01,4.085283767780131803e-02
1.917500000000000071e+01,-4.172926129928204442e-01,4.067931304564631478e-02
1.920000000000000284e+01,-4.120335033999046326e-01,4.054944432526345899e-02
1.922500000000000142e+01,-4.067192076144798829e-01,4.045286268923621587e-02
1.925000000000000000e+01,-4.013721074750523088e-01,4.037995086112027704e-02
1.927500000000000213e+01,-3.960107666271934224e-01,4.032338524233267801e-02
1.930000000000000071e+01,-3.857668603683025443e-01,4.231485264604245566e-02
1.932500000000000284e+01,-3.808093681186427992e-01,4.176645339432880077e-02
1.935000000000000142e+01,-3.759147895402186190e-01,4.136569474806843505e-02
1.937500000000000000e+01,-3.710880458689005956e-01,4.105301291084897941e-02
1.940000000000000213e+01,-3.662371628306373417e-01,4.081353638831631409e-02
1.942500000000000071e+01,-3.613488683850997751e-01,4.063204724707263765e-02
1.945000000000000284e+01,-3.564355030240127786e-01,4.049658890908246212e-02
1.947500000000000142e+01,-3.469457337646238981e-01,4.243977201371336438e-02
1.950000000000000000e+01,-3.424108490528469106e-01,4.185168041659018817e-02
1.952500000000000213e+01,-3.379218576013863773e-01,4.141617261698414543e-02
1.955000000000000071e+01,-3.334912314195199734e-01,4.108165349205519096e-02
1.957500000000000284e+01,-3.290511137718296619e-01,4.082617420658425644e-02
1.960000000000000142e+01,-3.245938458260782533e-01,4.063210935199020046e-02
1.962500000000000000e+01,-3.158219675131261339e-01,4.253596034468451470e-02
1.965000000000000213e+01,-3.117192027226863837e-01,4.192146143330425373e-02
1.967500000000000071e+01,-3.076537155362897291e-01,4.145364999781540188e-02
1.970000000000000284e+01,-3.036341891034227136e-01,4.109712416449075312e-02
1.972500000000000142e+01,-2.996100829083911954e-01,4.082541176104571845e-02
1.975000000000000000e+01,-2.914630587055890287e-01,4.267238911122715056e-02
1.977500000000000213e+01,-2.877653194004131665e-01,4.202389921073798607e-02
1.980000000000000071e+01,-2.840900639659001969e-01,4.151225593466553732e-02
1.982500000000000284e+01,-2.804341402328520139e-01,4.112655979922304889e-02
1.985000000000000142e+01,-2.767703579366034283e-01,4.083733251029086214e-02
1.987500000000000000e+01,-2.691953115445421818e-01,4.267674900130494220e-02
1.990000000000000213e+01,-2.658594083202625580e-01,4.203192292081428527e-02
1.992500000000000071e+01,-2.625481694557302292e-01,4.150652543684341805e-02
1.995000000000000284e+01,-2.592560047347293173e-01,4.111114906013717957e-02
1.997500000000000142e+01,-2.521846986137846747e-01,4.287648220032537483e-02
2.000000000000000000e+01,-2.492175176019725824e-01,4.217931063342416492e-02
2.002500000000000213e+01,-2.462615606705577109e-01,4.161353033379961569e-02
2.005000000000000071e+01,-2.433214440569475001e-01,4.119202620429070899e-02
2.007500000000000284e+01,-2.367469051871993468e-01,4.293907492926653247e-02
2.010000000000000142e+01,-2.341418392773311763e-01,4.222770549154288705e-02
2.012500000000000000e+01,-2.315376290694032835e-01,4.164617730210121160e-02
2.015000000000000213e+01,-2.289509803721326286e-01,4.121140406867085382e-02
2.017500000000000071e+01,-2.228672060174014258e-01,4.295212431826623406e-02
2.020000000000000284e+01,-2.206132324345954909e-01,4.224043784809653618e-02
2.022500000000000142e+01,-2.183495103469229315e-01,4.164830871832878728e-02
2.025000000000000000e+01,-2.160991908283819984e-01,4.120714765918135486e-02
2.027500000000000213e+01,-2.104843726516992253e-01,4.294402433844758671e-02
2.030000000000000071e+01,-2.085668835278361444e-01,4.222806053247998848e-02
2.032500000000000284e+01,-2.066458401383092780e-01,4.162963899094018760e-02
2.035000000000000142e+01,-2.047512213832089478e-01,4.118508633775427863e-02
2.037500000000000000e+01,-1.996116992786877153e-01,4.292213830388171003e-02
2.040000000000000213e+01,-1.980559774138627438e-01,4.220394169329996781e-02
2.042500000000000071e+01,-1.965113418595071104e-01,4.160447432080582181e-02
2.045000000000000284e+01,-1.917443506281791554e-01,4.322497907473384082e-02
2.047500000000000142e+01,-1.905375005833344626e-01,4.242206102064483009e-02
2.050000000000000000e+01,-1.893427403963715561e-01,4.176243302332927065e-02
2.052500000000000213e+01,-1.881888607709567562e-01,4.127417189133080616e-02
2.055000000000000071e+01,-1.838937752449760488e-01,4.298271389834620870e-02
2.057500000000000284e+01,-1.830803205452041782e-01,4.224091959312466227e-02
2.060000000000000142e+01,-1.822878625552793730e-01,4.162487242740393889e-02
2.062500000000000000e+01,-1.815410149927994266e-01,4.116805941534806140e-02
2.065000000000000213e+01,-1.776934130289611613e-01,4.290045314286251854e-02
2.067500000000000071e+01,-1.772730213244212150e-01,4.216814937574763639e-02
2.070000000000000284e+01,-1.768721737778537750e-01,4.156545013399560312e-02
2.072500000000000142e+01,-1.765128106297287891e-01,4.111770096638266148e-02
2.075000000000000000e+01,-1.730731860063691729e-01,4.285560863030748319e-02
2.077500000000000213e+01,-1.730312994497922585e-01,4.212556460455098989e-02
2.080000000000000071e+01,-1.730143076371886135e-01,4.152510857449345089e-02
2.082500000000000284e+01,-1.730420141469835305e-01,4.108009299435071149e-02
2.085000000000000142e+01,-1.699867762922325776e-01,4.282071631445964754e-02
2.087500000000000000e+01,-1.703259136919611505e-01,4.209058659205299618e-02
2.090000000000000213e+01,-1.706931789395176313e-01,4.149135980287183001e-02
2.092500000000000071e+01,-1.711069335833637350e-01,4.104786383844855058e-02
2.095000000000000284e+01,-1.684086893443637600e-01,4.279084335617718005e-02
2.097500000000000142e+01,-1.691283875149097449e-01,4.206151582608150252e-02
2.100000000000000000e+01,-1.698786222862327666e-01,4.146331120795615499e-02
2.102500000000000213e+01,-1.706761273588207894e-01,4.102093678503087454e-02
2.105000000000000071e+01,-1.683064305400467919e-01,4.276550034631467628e-02
2.107500000000000284e+01,-1.694057698227734721e-01,4.203680640877377472e-02
2.110000000000000142e+01,-1.705362278179759217e-01,4.143948278642184402e-02
2.112500000000000000e+01,-1.717134690496955329e-01,4.099803147303449774e-02
2.115000000000000213e+01,-1.729396535633148657e-01,4.067318644582571668e-02
2.117500000000000071e+01,-1.709260299587141985e-01,4.250072215571101125e-02
2.120000000000000284e+01,-1.724377940359535233e-01,4.183198760793700038e-02
2.122500000000000142e+01,-1.739839348301142341e-01,4.127772860678510097e-02
2.125000000000000000e+01,-1.755773641652065564e-01,4.086739700923786717e-02
2.127500000000000213e+01,-1.772185693819110786e-01,4.056510900529312208e-02
2.130000000000000071e+01,-1.755073626752720606e-01,4.240889308707740391e-02
2.132500000000000284e+01,-1.774284165311262040e-01,4.175176056191327867e-02
2.135000000000000142e+01,-1.793859629626663454e-01,4.120663430480155098e-02
2.137500000000000000e+01,-1.813911933948456345e-01,4.080331577565102230e-02
2.140000000000000213e+01,-1.834434867815465664e-01,4.050557559067303331e-02
2.142500000000000071e+01,-1.819893050275763202e-01,4.235304786892775397e-02
2.145000000000000284e+01,-1.843220682137389488e-01,4.169998217535754448e-02
2.147500000000000142e+01,-1.866912605374668466e-01,4.115789680503196407e-02
2.150000000000000000e+01,-1.891078506938226877e-01,4.075562590279419029e-02
2.152500000000000213e+01,-1.915691097499818696e-01,4.045883227912536878e-02
2.155000000000000071e+01,-1.940689194911929816e-01,4.023726268598978167e-02
2.157500000000000284e+01,-1.966026737115570966e-01,4.006831835245149714e-02
2.160000000000000142e+01,-1.953935399907602843e-01,4.200811526303366294e-02
2.162500000000000000e+01,-1.981902064216192472e-01,4.142895253500052805e-02
2.165000000000000213e+01,-2.010243487552892672e-01,4.093779473720176448e-02
2.167500000000000071e+01,-2.038994064323313982e-01,4.057113309245524019e-02
2.170000000000000284e+01,-2.068096535031077599e-01,4.029887152245281018e-02
2.172500000000000142e+01,-2.097477384659457433e-01,4.009600568793110498e-02
2.175000000000000000e+01,-2.127093455983378734e-01,3.994398078154024617e-02
2.177500000000000213e+01,-2.156903800116062031e-01,3.982886132268136092e-02
2.180000000000000071e+01,-2.186856106128707844e-01,3.974004521056807154e-02
2.182500000000000284e+01,-2.175721150816088967e-01,4.173847579386590068e-02
2.185000000000000142e+01,-2.208003597479542002e-01,4.121040481755099127e-02
2.187500000000000000e+01,-2.240545936024811446e-01,4.075241558663067476e-02
2.190000000000000213e+01,-2.273366507995687180e-01,4.040864260993089901e-02
2.192500000000000071e+01,-2.306388217896117032e-01,4.015578003609771712e-02
2.195000000000000284e+01,-2.339514782888373334e-01,3.996951453724321979e-02
2.197500000000000142e+01,-2.372678257012953429e-01,3.983085188323897546e-02
2.200000000000000000e+01,-2.405838128667064368e-01,3.972614888976697817e-02
2.202500000000000213e+01,-2.438968801893270089e-01,3.964594212575171112e-02
2.205000000000000071e+01,-2.472028353503216702e-01,3.958635488776576783e-02
2.207500000000000284e+01,-2.504982777351871248e-01,3.954179096626138368e-02
2.210000000000000142e+01,-2.537802810508982265e-01,3.950711583149424388e-02
2.212500000000000000e+01,-2.570452327258704317e-01,3.947864448247200009e-02
2.215000000000000213e+01,-2.602892236611866750e-01,3.945433578642582040e-02
2.217500000000000071e+01,-2.635080698632045748e-01,3.943350077210370369e-02
2.220000000000000284e+01,-2.619748093728879179e-01,4.147705873317825837e-02
2.222500000000000142e+01,-2.653850084006713073e-01,4.098627839275397616e-02
2.225000000000000000e+01,-2.687807327324648332e-01,4.056147070802608445e-02
2.227500000000000213e+01,-2.721532935233100248e-01,4.024640082487346282e-02
2.230000000000000071e+01,-2.754880920529151900e-01,4.001826638313556173e-02
2.232500000000000284e+01,-2.787714624234841065e-01,3.985322070445060372e-02
2.235000000000000142e+01,-2.819944661437611133e-01,3.973308829434001738e-02
2.237500000000000000e+01,-2.851519410855266057e-01,3.964503114136293943e-02
2.240000000000000213e+01,-2.882408447866178780e-01,3.958003050390191541e-02
2.242500000000000071e+01,-2.912592297577233924e-01,3.953168649761253095e-02
2.245000000000000284e+01,-2.942057584938577164e-01,3.949544059663382539e-02
2.247500000000000142e+01,-2.970794773138366041e-01,3.946804546364444943e-02
2.250000000000000000e+01,-2.998797049878155763e-01,3.944718318017959025e-02
2.252500000000000213e+01,-3.026059793521928554e-01,3.943119150246258281e-02
2.255000000000000071e+01,-3.052580350684758748e-01,3.941887063065392660e-02
2.257500000000000284e+01,-3.078358903772921429e-01,3.940924222848560948e-02
2.260000000000000142e+01,-3.103399603000997486e-01,3.940147877446485009e-02
2.262500000000000000e+01,-3.127702054248110985e-01,3.939552729536691111e-02
2.265000000000000213e+01,-3.151269559382409713e-01,3.939104462593936290e-02
2.267500000000000071e+01,-3.174108344430577322e-01,3.938771620174638666e-02
2.270000000000000284e+01,-3.196226956691739507e-01,3.938529355487062344e-02
2.272500000000000142e+01,-3.217636079539851757e-01,3.938358023275609354e-02
2.275000000000000000e+01,-3.238348456447377455e-01,3.938241850155634050e-02
2.277500000000000213e+01,-3.258378808121834003e-01,3.938168080170632163e-02
2.280000000000000071e+01,-3.277743735287205751e-01,3.938126401355259570e-02
2.282500000000000284e+01,-3.296493818106570606e-01,3.937666803972324908e-02
2.285000000000000142e+01,-3.314679092429607676e-01,3.936772418321561606e-02
2.287500000000000000e+01,-3.332332647782031976e-01,3.935927486361742722e-02
2.290000000000000213e+01,-3.296107275878478182e-01,4.140646074809711114e-02
2.292500000000000071e+01,-3.316015180748395630e-01,4.092558894232713879e-02
2.295000000000000284e+01,-3.335682888502548016e-01,4.050965661461570361e-02
2.297500000000000142e+01,-3.355029386403791669e-01,4.020481900006835085e-02
2.300000000000000000e+01,-3.373967930592384756e-01,3.998576139364451443e-02
2.302500000000000213e+01,-3.392438264274786341e-01,3.982793237254654561e-02
2.305000000000000071e+01,-3.410426435612217144e-01,3.971379783299587574e-02
2.307500000000000284e+01,-3.427958538626935669e-01,3.963068722127439242e-02
2.310000000000000142e+01,-3.445079540545645247e-01,3.956961910454127873e-02
2.312500000000000000e+01,-3.461840822610976476e-01,3.952425041262903199e-02
2.315000000000000213e+01,-3.478294823649772383e-01,3.949011257724351770e-02
2.317500000000000071e+01,-3.494495420753108150e-01,3.946384667285367243e-02
2.320000000000000284e+01,-3.510493500333340400e-01,3.944329368307093742e-02
2.322500000000000142e+01,-3.526325081941577011e-01,3.942792946180005698e-02
2.325000000000000000e+01,-3.541969876326696021e-01,3.941879110235540357e-02
2.327500000000000213e+01,-3.557446330921845701e-01,3.941135507382300535e-02
2.330000000000000071e+01,-3.572787312661883097e-01,3.940413111731207868e-02
2.332500000000000284e+01,-3.588037260901077441e-01,3.939758871469076218e-02
2.335000000000000142e+01,-3.603247296114132081e-01,3.939151498632668252e-02
2.337500000000000000e+01,-3.618464823971535016e-01,3.938565398182827804e-02
2.340000000000000213e+01,-3.633734971659777213e-01,3.937985240537325571e-02
2.342500000000000071e+01,-3.649103410447209761e-01,3.937378754797982161e-02
2.345000000000000284e+01,-3.664612936793987252e-01,3.936676585159974706e-02
2.347500000000000142e+01,-3.680297644276328550e-01,3.935987631438730289e-02
2.350000000000000000e+01,-3.696202984205281261e-01,3.935314056671488508e-02
2.352500000000000213e+01,-3.652947704891002512e-01,4.141275697136798800e-02
2.355000000000000071e+01,-3.672741905851283351e-01,4.093406564173059092e-02
2.357500000000000284e+01,-3.693095314173184818e-01,4.050690110660319643e-02
2.360000000000000142e+01,-3.713890830084470851e-01,4.019240364629876605e-02
2.362500000000000000e+01,-3.735071007745142113e-01,3.996560138840106469e-02
2.365000000000000213e+01,-3.756581567036559322e-01,3.979851117745116656e-02
2.367500000000000071e+01,-3.778375204893452133e-01,3.967373644114680770e-02
2.370000000000000284e+01,-3.800457531388368726e-01,3.958046725767695034e-02
2.372500000000000142e+01,-3.822880919293461521e-01,3.951009170655012115e-02
2.375000000000000000e+01,-3.845708804739857989e-01,3.945603419830295139e-02
2.377500000000000213e+01,-3.869001295199746004e-01,3.941352379069547329e-02
2.380000000000000071e+01,-3.892813290161593054e-01,3.937920263693520107e-02
2.382500000000000284e+01,-3.917196334510760769e-01,3.935071603835506304e-02
2.385000000000000142e+01,-3.942199795822950992e-01,3.932641002244989525e-02
2.387500000000000000e+01,-3.967870740915354077e-01,3.930533041440895797e-02
2.390000000000000213e+01,-3.994228045122077964e-01,3.928918902967978161e-02
2.392500000000000071e+01,-4.021249145972208283e-01,3.927782042445235322e-02
2.395000000000000284e+01,-4.048901365717727519e-01,3.927036728543230326e-02
2.397500000000000142e+01,-4.077144355489890071e-01,3.926619588914095210e-02
2.400000000000000000e+01,-4.105931128117441542e-01,3.926487167853556087e-02
2.402500000000000213e+01,-4.135209010490667469e-01,3.926608894053246201e-02
2.405000000000000071e+01,-4.164920046812526366e-01,3.926963727524348385e-02
2.407500000000000284e+01,-4.195001519440794691e-01,3.927537470046475743e-02
2.410000000000000142e+01,-4.153690613132072218e-01,4.135487422248877026e-02
2.412500000000000000e+01,-4.188048851887780089e-01,4.090419315040723369e-02
2.415000000000000213e+01,-4.223165644577247524e-01,4.048367831108048986e-02
2.417500000000000071e+01,-4.258527779680562064e-01,4.019169760175768380e-02
2.420000000000000284e+01,-4.294122707475188649e-01,3.999359971823373411e-02
2.422500000000000142e+01,-4.329854059852145665e-01,3.985810838629829517e-02
2.425000000000000000e+01,-4.365497799675076007e-01,3.977437762337668326e-02
2.427500000000000213e+01,-4.400887704953940771e-01,3.972335138144941769e-02
2.430000000000000071e+01,-4.435858663034207838e-01,3.969384939783365818e-02
2.432500000000000284e+01,-4.470267277139257645e-01,3.968001837094542461e-02
2.435000000000000142e+01,-4.503994084313072133e-01,3.967791297701065562e-02
2.437500000000000000e+01,-4.536899319680665066e-01,3.967913958678452591e-02
2.440000000000000213e+01,-4.568837258965804948e-01,3.968134815714856323e-02
2.442500000000000071e+01,-4.599657096819099733e-01,3.968854474528993315e-02
2.445000000000000284e+01,-4.629261983834028205e-01,3.970153454553065897e-02
2.447500000000000142e+01,-4.657571938763441777e-01,3.971978489006020713e-02
2.450000000000000000e+01,-4.684518010990909587e-01,3.974238340253346408e-02
2.452500000000000213e+01,-4.710028901441782323e-01,3.976841948040212016e-02
2.455000000000000071e+01,-4.734032766048797414e-01,3.979730353467286069e-02
2.457500000000000284e+01,-4.680156156133792877e-01,4.185596360482407574e-02
2.460000000000000142e+01,-4.705639601453281418e-01,4.142479502402703073e-02
2.462500000000000000e+01,-4.729603128876963547e-01,4.105086210255145390e-02
2.465000000000000213e+01,-4.751986037641031113e-01,4.077841973447093177e-02
2.467500000000000071e+01,-4.772562410560028390e-01,4.059179569461448395e-02
2.470000000000000284e+01,-4.791090474542925026e-01,4.046993760206802487e-02
2.472500000000000142e+01,-4.807416151230961554e-01,4.039411805376062758e-02
2.475000000000000000e+01,-4.821455112053403824e-01,4.035051480571565097e-02
2.477500000000000213e+01,-4.833157888679676661e-01,4.032950827808213373e-02
2.480000000000000071e+01,-4.842491034092741842e-01,4.032432425013119520e-02
2.482500000000000284e+01,-4.849416528260149795e-01,4.033165567189205686e-02
2.485000000000000142e+01,-4.853850648721183547e-01,4.036160373026975723e-02
2.487500000000000000e+01,-4.783161900677878609e-01,4.239973542179623772e-02
2.490000000000000213e+01,-4.788038122680147723e-01,4.198378797010544894e-02
2.492500000000000071e+01,-4.790798207538934927e-01,4.160024348761398594e-02
2.495000000000000284e+01,-4.791181095140071844e-01,4.130963965801502658e-02
2.497500000000000142e+01,-4.788913295833468475e-01,4.109612055343452724e-02
2.500000000000000000e+01,-4.783801878126304752e-01,4.094692372919770534e-02
2.502500000000000213e+01,-4.775805823624679203e-01,4.084520951703699693e-02
2.505000000000000071e+01,-4.764944900025995800e-01,4.077696088885886250e-02
2.507500000000000284e+01,-4.683048916115900018e-01,4.272917644403130544e-02
2.510000000000000142e+01,-4.671913912794712354e-01,4.224252482658326369e-02
2.512500000000000000e+01,-4.658065419284685427e-01,4.181731415701740728e-02
2.515000000000000213e+01,-4.641461806151255809e-01,4.150592319764170868e-02
2.517500000000000071e+01,-4.621965541431080071e-01,4.128921757804764753e-02
2.520000000000000284e+01,-4.599506141818288096e-01,4.113998716727980398e-02
2.522500000000000142e+01,-4.510013408048475503e-01,4.303329225298863081e-02
2.525000000000000000e+01,-4.486922364770393190e-01,4.250204887027941858e-02
2.527500000000000213e+01,-4.461295493832561077e-01,4.204499514862759108e-02
2.530000000000000071e+01,-4.433052941906975852e-01,4.169680783664597712e-02
2.532500000000000284e+01,-4.402073399235615914e-01,4.144269240341119653e-02
2.535000000000000142e+01,-4.368417384332091147e-01,4.125726863144396628e-02
2.537500000000000000e+01,-4.273126061157060951e-01,4.312614515165425627e-02
2.540000000000000213e+01,-4.239119552082015185e-01,4.252148644161023172e-02
2.542500000000000071e+01,-4.203275028769374866e-01,4.207611196535995801e-02
2.545000000000000284e+01,-4.165906939756929828e-01,4.172094857075769880e-02
2.547500000000000142e+01,-4.069960831239216592e-01,4.346160706512382232e-02
2.550000000000000000e+01,-4.032614181309515655e-01,4.274213888888277191e-02
2.552500000000000213e+01,-3.993324940758773423e-01,4.223235672047816885e-02
2.555000000000000071e+01,-3.952652127375375635e-01,4.182707236878724366e-02
2.557500000000000284e+01,-3.909833784982238991e-01,4.151528538015513553e-02
2.560000000000000142e+01,-3.812942329540541242e-01,4.329844240999916605e-02
2.562500000000000000e+01,-3.770197557837410840e-01,4.260623844795170118e-02
2.565000000000000213e+01,-3.725986139799898900e-01,4.211159603072301555e-02
2.567500000000000071e+01,-3.680868899144944528e-01,4.171921183594395899e-02
2.570000000000000284e+01,-3.585407081642020266e-01,4.344267755749797039e-02
2.572500000000000142e+01,-3.541096175847883165e-01,4.270336317889648209e-02
2.575000000000000000e+01,-3.495618322048039128e-01,4.215811913926723054e-02
2.577500000000000213e+01,-3.449422749891111750e-01,4.172945888462920028e-02
2.580000000000000071e+01,-3.356279853248497758e-01,4.343505891927300355e-02
2.582500000000000284e+01,-3.311341993341729850e-01,4.267810827084021763e-02
2.585000000000000142e+01,-3.265708152579536727e-01,4.210802527707063758e-02
2.587500000000000000e+01,-3.175635170594990897e-01,4.370828581652053818e-02
2.590000000000000213e+01,-3.132663965125220829e-01,4.286960334576629672e-02
2.592500000000000071e+01,-3.089191996012649599e-01,4.222917100230970389e-02
2.595000000000000284e+01,-3.045488166113566875e-01,4.173789994326931874e-02
2.597500000000000142e+01,-2.959457162394397711e-01,4.341678387903064734e-02
2.600000000000000000e+01,-2.917936983408692675e-01,4.263614839423308239e-02
2.602500000000000213e+01,-2.876214823189575664e-01,4.203723534970690845e-02
2.605000000000000071e+01,-2.834648552000605393e-01,4.157850859373658781e-02
2.607500000000000284e+01,-2.753421951106025389e-01,4.328626966245449625e-02
2.610000000000000142e+01,-2.714734586017720774e-01,4.252689228094244656e-02
2.612500000000000000e+01,-2.676178173555905371e-01,4.193615966554044283e-02
2.615000000000000213e+01,-2.599458461491978567e-01,4.354482615125557232e-02
2.617500000000000071e+01,-2.564607624160273880e-01,4.271340026303891563e-02
2.620000000000000284e+01,-2.529934393225578004e-01,4.206200351491807404e-02
2.622500000000000142e+01,-2.495615428165742222e-01,4.156901892136304066e-02
2.625000000000000000e+01,-2.424560169931245790e-01,4.326078185204853405e-02
2.627500000000000213e+01,-2.393591143753540651e-01,4.249858607512943531e-02
2.630000000000000071e+01,-2.362834856597922084e-01,4.188626956928287459e-02
2.632500000000000284e+01,-2.332503562611443482e-01,4.142390788734582469e-02
2.635000000000000142e+01,-2.302506397104171765e-01,4.107904616979658752e-02
2.637500000000000000e+01,-2.238134433894294895e-01,4.288638912776810558e-02
2.640000000000000213e+01,-2.211713730387085963e-01,4.221526893890044374e-02
2.642500000000000071e+01,-2.185574356762552406e-01,4.165616631462843583e-02
2.645000000000000284e+01,-2.159762576513246657e-01,4.123701768571445131e-02
2.647500000000000142e+01,-2.100710094957382035e-01,4.298897189015384729e-02
2.650000000000000000e+01,-2.078456132366436615e-01,4.228039198611944355e-02
2.652500000000000213e+01,-2.056308526195211039e-01,4.168646204151166268e-02
2.655000000000000071e+01,-2.034298632457032519e-01,4.124353207943598498e-02
2.657500000000000284e+01,-2.012480371291587022e-01,4.091718471356080300e-02
2.660000000000000142e+01,-1.958883238253518178e-01,4.273764544354083372e-02
2.662500000000000000e+01,-1.940327805961613583e-01,4.207901853830866429e-02
2.665000000000000213e+01,-1.921747808253868872e-01,4.152196757635155666e-02
2.667500000000000071e+01,-1.903177062573064293e-01,4.110912452339231249e-02
2.670000000000000284e+01,-1.884707680701241395e-01,4.080890273080560460e-02
2.672500000000000142e+01,-1.866444146427909956e-01,4.058596199913257901e-02
2.675000000000000000e+01,-1.848403142258268350e-01,4.041680209639696847e-02
2.677500000000000213e+01,-1.801046362422306091e-01,4.234639779037362162e-02
2.680000000000000071e+01,-1.785852515296212917e-01,4.176369131096677179e-02
2.682500000000000284e+01,-1.770471847579790925e-01,4.127089762897018232e-02
2.685000000000000142e+01,-1.755037558688136712e-01,4.090380269076434455e-02
2.687500000000000000e+01,-1.739580425360274518e-01,4.063311321172161095e-02
2.690000000000000213e+01,-1.724078770404158245e-01,4.043191380561959869e-02
2.692500000000000071e+01,-1.708498830984148398e-01,4.028046857101225814e-02
2.695000000000000284e+01,-1.692803986762699830e-01,4.016476558763527882e-02
2.697500000000000142e+01,-1.676955862393238184e-01,4.007485236332620354e-02
2.700000000000000000e+01,-1.660914279190190135e-01,4.000364397068535693e-02
2.702500000000000213e+01,-1.644637364666663160e-01,3.994609467492973159e-02
2.705000000000000071e+01,-1.628081769194257566e-01,3.989861002705592102e-02
2.707500000000000284e+01,-1.611202893643839118e-01,3.985862714596296458e-02
2.710000000000000142e+01,-1.593955113027871462e-01,3.982431614365999212e-02
2.712500000000000000e+01,-1.552719247294737370e-01,4.184828779876985372e-02
2.715000000000000213e+01,-1.559845044829900884e-01,3.929285031603789446e-02
2.717500000000000071e+01,-1.540887006832174499e-01,3.933579384701994808e-02
2.720000000000000284e+01,-1.521462963281272340e-01,3.942397368149962167e-02
2.722500000000000142e+01,-1.501501677094804199e-01,3.948876655351710868e-02
2.725000000000000000e+01,-1.480917651066806784e-01,3.953017366153644546e-02
2.727500000000000213e+01,-1.459620931569488023e-01,3.955553512563858565e-02
2.730000000000000071e+01,-1.437536640836379331e-01,3.957043526612197271e-02
2.732500000000000284e+01,-1.414612836751660552e-01,3.957929835934305418e-02
2.735000000000000142e+01,-1.390826964145175093e-01,3.958375686452661468e-02
2.737500000000000000e+01,-1.366150578174976926e-01,3.958348205321905733e-02
2.740000000000000213e+01,-1.340535954827258291e-01,3.958043330072307658e-02
2.742500000000000071e+01,-1.313927787484951426e-01,3.957588579492843373e-02
2.745000000000000284e+01,-1.300893750957779482e-01,3.752524488274792264e-02
2.747500000000000142e+01,-1.256225525783908059e-01,4.003812282885802626e-02
2.750000000000000000e+01,-1.239888606805152893e-01,3.792118698414038286e-02
2.752500000000000213e+01,-1.207119935044323050e-01,3.827805453012245174e-02
2.755000000000000071e+01,-1.173450996606248964e-01,3.859457441921340659e-02
2.757500000000000284e+01,-1.138830943938191481e-01,3.882530188107693320e-02
2.760000000000000142e+01,-1.103139867294071208e-01,3.898951726582467608e-02
2.762500000000000000e+01,-1.074628238385474388e-01,3.706522646165771873e-02
2.765000000000000213e+01,-1.027134441382652336e-01,3.966088023691429626e-02
2.767500000000000071e+01,-9.947826939123172174e-02,3.761468544064211494e-02
2.770000000000000284e+01,-9.525144252560124869e-02,3.801823430893303685e-02
2.772500000000000142e+01,-9.092274740346698025e-02,3.837018659478891314e-02
2.775000000000000000e+01,-8.648663236300060952e-02,3.862779311213161010e-02
2.777500000000000213e+01,-8.192896769717922245e-02,3.881256095014955221e-02
2.780000000000000071e+01,-7.735073768973198260e-02,3.690735501606678265e-02
2.782500000000000284e+01,-7.234189774104374249e-02,3.745670884363706127e-02
2.785000000000000142e+01,-6.724750447553834443e-02,3.783442021504188763e-02
2.787500000000000000e+01,-6.205634466871286226e-02,3.810885704922975514e-02
2.790000000000000213e+01,-5.675502744929933341e-02,3.830764999608112648e-02
2.792500000000000071e+01,-5.086166746304741915e-02,3.637294057911893974e-02
2.795000000000000284e+01,-4.515565839074366095e-02,3.695980719937709547e-02
2.797500000000000142e+01,-3.940007132482708369e-02,3.745800162614320444e-02
2.800000000000000000e+01,-3.358596367615779288e-02,3.782508880860321193e-02
2.802500000000000213e+01,-2.769163634263892629e-02,3.809231883374197825e-02
2.805000000000000071e+01,-2.061464303847775417e-02,3.621410301399151377e-02
2.807500000000000284e+01,-1.437263480395231142e-02,3.683690764169880033e-02
2.810000000000000142e+01,-8.108825762901162443e-03,3.736611908003439203e-02
2.812500000000000000e+01,-1.808903127687928533e-03,3.775790912830194468e-02
2.815000000000000213e+01,6.140854847636861152e-03,3.597679274895673046e-02
2.817500000000000071e+01,1.102223930163557380e-02,3.873200249164925058e-02
2.820000000000000284e+01,1.931164437241362358e-02,3.676827805153849715e-02
2.822500000000000142e+01,2.600700407216201618e-02,3.725831259896979913e-02
2.825000000000000000e+01,3.273980080543707066e-02,3.768507277629966346e-02
2.827500000000000213e+01,3.951068775940260597e-02,3.800728416221948319e-02
2.830000000000000071e+01,4.864575740361429257e-02,3.619092195554262509e-02
2.832500000000000284e+01,5.565510767150654708e-02,3.684848951073863010e-02
2.835000000000000142e+01,6.261596482642012296e-02,3.739779293870752752e-02
2.837500000000000000e+01,6.955027290316817545e-02,3.781016168063228849e-02
2.840000000000000213e+01,7.651007016491478963e-02,3.811677144465893535e-02
2.842500000000000071e+01,8.352354439719961166e-02,3.834711922828899083e-02
2.845000000000000284e+01,9.059983033336868607e-02,3.852349664476142216e-02
2.847500000000000142e+01,9.773735614168548025e-02,3.866160780720524770e-02
2.850000000000000000e+01,1.049285756915734197e-01,3.877265569565278847e-02
2.852500000000000213e+01,1.153979804545239018e-01,3.682528718337304413e-02
2.855000000000000071e+01,1.226735257986514005e-01,3.738888661291597804e-02
2.857500000000000284e+01,1.298108512116151747e-01,3.784353148341573075e-02
2.860000000000000142e+01,1.368145611804487127e-01,3.819238255292223272e-02
2.862500000000000000e+01,1.437534762450927706e-01,3.845643569445712784e-02
2.865000000000000213e+01,1.470079320670354683e-01,4.068946172939245931e-02
2.867500000000000071e+01,1.576662596693375884e-01,3.832244709394891369e-02
2.870000000000000284e+01,1.646233088488295304e-01,3.855516836282388282e-02
2.872500000000000142e+01,1.714936724636760002e-01,3.874360105701614432e-02
2.875000000000000000e+01,1.782042559728780340e-01,3.888851884536861231e-02
2.877500000000000213e+01,1.847645483751426398e-01,3.900339076702682289e-02
2.880000000000000071e+01,1.911835343003555621e-01,3.909411733245717058e-02
2.882500000000000284e+01,1.934764592286191687e-01,4.119527129906396662e-02
2.885000000000000142e+01,1.997372790669284248e-01,4.076614318699972594e-02
2.887500000000000000e+01,2.059440522580884281e-01,4.043163244928702632e-02
2.890000000000000213e+01,2.120679332661354888e-01,4.019228542611785054e-02
2.892500000000000071e+01,2.180313636387137544e-01,4.001651517886947729e-02
2.895000000000000284e+01,2.196302359371019308e-01,4.191708760723107663e-02
2.897500000000000142e+01,2.253255929225995435e-01,4.132965366473940333e-02
2.900000000000000000e+01,2.308347081650803101e-01,4.087212061148080833e-02
2.902500000000000213e+01,2.361435264484594843e-01,4.053952481802367697e-02
2.905000000000000071e+01,2.370326403973622986e-01,4.232777253351162339e-02
2.907500000000000284e+01,2.420484396627377022e-01,4.165914691624349186e-02
2.910000000000000142e+01,2.467771906470092869e-01,4.112812123190016933e-02
2.912500000000000000e+01,2.470678629699951667e-01,4.277881231465533590e-02
2.915000000000000213e+01,2.514796410119821135e-01,4.201918196072261524e-02
2.917500000000000071e+01,2.555423389042171811e-01,4.140747735842086052e-02
2.920000000000000284e+01,2.551938156188879314e-01,4.299904857991239393e-02
2.922500000000000142e+01,2.588390937120118585e-01,4.219412261511774898e-02
2.925000000000000000e+01,2.620764456164910161e-01,4.154359316225302717e-02
2.927500000000000213e+01,2.569416275921607151e-01,4.516132006534212540e-02
2.930000000000000071e+01,2.600702631908474727e-01,4.386961386360264947e-02
2.932500000000000284e+01,2.587256190113497722e-01,4.485446574082787435e-02
2.935000000000000142e+01,0.000000000000000000e+00,0.000000000000000000e+00
